Los Angeles,CA,California,Los Angeles,34.1139,-118.4068,12750807
San Francisco,CA,California,San Francisco,37.7562,-122.443,3592294
San Diego,CA,California,San Diego,32.8312,-117.1225,3220118
Riverside,CA,California,Riverside,33.9381,-117.3948,2107852
Sacramento,CA,California,Sacramento,38.5667,-121.4683,1898019
San Jose,CA,California,Santa Clara,37.3019,-121.8486,1798103
Fresno,CA,California,Fresno,36.7831,-119.7941,703498
Concord,CA,California,Contra Costa,37.9722,-122.0016,652308
Mission Viejo,CA,California,Orange,33.6095,-117.655,590249
Bakersfield,CA,California,Kern,35.3529,-119.0359,579295
Murrieta,CA,California,Riverside,33.572,-117.1909,496046
Long Beach,CA,California,Los Angeles,33.7981,-118.1675,462628
Oakland,CA,California,Alameda,37.7903,-122.2165,433031
Indio,CA,California,Riverside,33.7346,-116.2346,417059
Stockton,CA,California,San Joaquin,37.9765,-121.3109,397264
Oxnard,CA,California,Ventura,34.1963,-119.1815,387647
Modesto,CA,California,Stanislaus,37.6374,-121.0028,383134
Anaheim,CA,California,Orange,33.839,-117.8572,350365
Victorville,CA,California,San Bernardino,34.5277,-117.3536,346789
Lancaster,CA,California,Los Angeles,34.6935,-118.1753,343304
Santa Ana,CA,California,Orange,33.7366,-117.8819,332318
Santa Rosa,CA,California,Sonoma,38.4458,-122.7067,324634
Santa Clarita,CA,California,Los Angeles,34.4175,-118.4964,312446
Antioch,CA,California,Contra Costa,37.9789,-121.7958,302419
Irvine,CA,California,Orange,33.6772,-117.7738,287401
Chula Vista,CA,California,San Diego,32.6281,-117.0145,274492
Fremont,CA,California,Alameda,37.5265,-121.9852,241110
Visalia,CA,California,Tulare,36.3276,-119.3269,237386
San Bernardino,CA,California,San Bernardino,34.1417,-117.2946,215784
Thousand Oaks,CA,California,Ventura,34.1914,-118.8755,215029
Fontana,CA,California,San Bernardino,34.0968,-117.4599,214547
Moreno Valley,CA,California,Riverside,33.9244,-117.2045,213055
Santa Barbara,CA,California,Santa Barbara,34.4285,-119.7202,202401
Glendale,CA,California,Los Angeles,34.1818,-118.2468,199303
Huntington Beach,CA,California,Orange,33.696,-118.0025,199223
Salinas,CA,California,Monterey,36.6884,-121.6317,190972
Ontario,CA,California,San Bernardino,34.0393,-117.6064,185010
Rancho Cucamonga,CA,California,San Bernardino,34.1248,-117.5666,177603
Hemet,CA,California,Riverside,33.7341,-116.9969,177253
Santa Cruz,CA,California,Santa Cruz,36.9789,-122.0346,176428
Oceanside,CA,California,San Diego,33.2247,-117.3083,175742
Elk Grove,CA,California,Sacramento,38.416,-121.3842,174775
Vallejo,CA,California,Solano,38.1133,-122.2358,173256
Garden Grove,CA,California,Orange,33.7787,-117.9601,171644
Corona,CA,California,Riverside,33.8616,-117.5649,169868
Hayward,CA,California,Alameda,37.6328,-122.0772,159203
Palmdale,CA,California,Los Angeles,34.5944,-118.1057,155079
Sunnyvale,CA,California,Santa Clara,37.3836,-122.0256,152703
Pomona,CA,California,Los Angeles,34.0585,-117.7626,151691
Escondido,CA,California,San Diego,33.1347,-117.0722,151625
Fairfield,CA,California,Solano,38.2592,-122.0324,148683
Merced,CA,California,Merced,37.3057,-120.4778,145149
Torrance,CA,California,Los Angeles,33.8346,-118.3417,143592
Roseville,CA,California,Placer,38.7703,-121.3196,141500
Pasadena,CA,California,Los Angeles,34.1597,-118.139,141029
Santa Maria,CA,California,Santa Barbara,34.9334,-120.4432,140545
Orange,CA,California,Orange,33.8038,-117.8218,138669
Fullerton,CA,California,Orange,33.8841,-117.9279,138632
Santa Clara,CA,California,Santa Clara,37.3645,-121.968,130365
Simi Valley,CA,California,Ventura,34.2663,-118.749,126589
Berkeley,CA,California,Alameda,37.8723,-122.276,121363
Redding,CA,California,Shasta,40.5698,-122.365,121313
Yuba City,CA,California,Sutter,39.1357,-121.6381,120456
East Los Angeles,CA,California,Los Angeles,34.0326,-118.1691,119827
Gilroy,CA,California,Santa Clara,37.0047,-121.5855,118993
Chico,CA,California,Butte,39.7575,-121.8152,117668
Seaside,CA,California,Monterey,36.6224,-121.8191,116720
El Monte,CA,California,Los Angeles,34.0739,-118.0291,115487
Carlsbad,CA,California,San Diego,33.1247,-117.2837,115382
Temecula,CA,California,Riverside,33.4928,-117.1315,114761
Clovis,CA,California,Fresno,36.8278,-119.6831,114584
Costa Mesa,CA,California,Orange,33.6667,-117.9135,113003
El Centro,CA,California,Imperial,32.7867,-115.5586,111425
Downey,CA,California,Los Angeles,33.9379,-118.1312,111126
Richmond,CA,California,Contra Costa,37.9477,-122.339,110567
Jurupa Valley,CA,California,Riverside,34.001,-117.4705,109527
San Buenaventura,CA,California,Ventura,34.2741,-119.2314,109106
Inglewood,CA,California,Los Angeles,33.9566,-118.3444,108151
Turlock,CA,California,Stanislaus,37.5053,-120.8588,107317
Daly City,CA,California,San Mateo,37.6862,-122.4685,106280
West Covina,CA,California,Los Angeles,34.0555,-117.9112,105101
San Mateo,CA,California,San Mateo,37.5521,-122.3122,104430
Norwalk,CA,California,Los Angeles,33.9069,-118.0829,103949
Rialto,CA,California,San Bernardino,34.1174,-117.3894,103526
Manteca,CA,California,San Joaquin,37.7927,-121.2264,103420
El Cajon,CA,California,San Diego,32.8017,-116.9605,102708
Burbank,CA,California,Los Angeles,34.1879,-118.3235,102511
Vista,CA,California,San Diego,33.1896,-117.2386,101638
Vacaville,CA,California,Solano,38.359,-121.968,101444
Arden-Arcade,CA,California,Sacramento,38.6034,-121.381,100548
Tracy,CA,California,San Joaquin,37.7269,-121.4522,100049
San Marcos,CA,California,San Diego,33.135,-117.1744,96664
Hesperia,CA,California,San Bernardino,34.3975,-117.3147,95750
Compton,CA,California,Los Angeles,33.893,-118.2275,95605
Menifee,CA,California,Riverside,33.6909,-117.1849,94756
Chino,CA,California,San Bernardino,33.9836,-117.6654,94371
Hanford,CA,California,Kings,36.3274,-119.6549,94028
South Gate,CA,California,Los Angeles,33.9448,-118.1926,93444
Carson,CA,California,Los Angeles,33.8374,-118.2559,91394
Livermore,CA,California,Alameda,37.6862,-121.7608,90923
Westminster,CA,California,Orange,33.7523,-117.9938,90643
Santa Monica,CA,California,Los Angeles,34.0232,-118.4813,90401
San Leandro,CA,California,Alameda,37.7071,-122.1601,88815
Citrus Heights,CA,California,Sacramento,38.6948,-121.288,87796
Hawthorne,CA,California,Los Angeles,33.9146,-118.3476,86068
Redwood City,CA,California,San Mateo,37.5026,-122.2252,85925
Lake Forest,CA,California,Orange,33.6606,-117.6712,85531
Napa,CA,California,Napa,38.2976,-122.3011,85239
Whittier,CA,California,Los Angeles,33.9678,-118.0188,85098
Newport Beach,CA,California,Orange,33.6151,-117.8669,84534
Milpitas,CA,California,Santa Clara,37.4339,-121.8921,84196
Madera,CA,California,Madera,36.9631,-120.0782,84086
Chino Hills,CA,California,San Bernardino,33.9508,-117.7253,83853
Alhambra,CA,California,Los Angeles,34.084,-118.1355,83750
Mountain View,CA,California,Santa Clara,37.4,-122.0796,82739
Buena Park,CA,California,Orange,33.8572,-118.0046,81788
Pleasanton,CA,California,Alameda,37.6663,-121.8805,81777
Folsom,CA,California,Sacramento,38.6668,-121.1422,81328
Tustin,CA,California,Orange,33.7309,-117.8106,79348
Lakewood,CA,California,Los Angeles,33.8471,-118.1221,79307
Perris,CA,California,Riverside,33.7899,-117.2233,79291
Alameda,CA,California,Alameda,37.767,-122.2672,77624
Watsonville,CA,California,Santa Cruz,36.9206,-121.7706,77352
Porterville,CA,California,Tulare,36.0644,-119.0338,77318
Upland,CA,California,San Bernardino,34.1178,-117.6603,77140
Davis,CA,California,Yolo,38.5552,-121.7365,76997
Camarillo,CA,California,Ventura,34.223,-119.0322,76931
Bellflower,CA,California,Los Angeles,33.888,-118.1271,76435
San Ramon,CA,California,Contra Costa,37.7625,-121.9365,75995
Baldwin Park,CA,California,Los Angeles,34.0829,-117.9721,75251
Rancho Cordova,CA,California,Sacramento,38.574,-121.2523,75087
Lodi,CA,California,San Joaquin,38.1218,-121.2932,74773
Union City,CA,California,Alameda,37.603,-122.0187,74107
Apple Valley,CA,California,San Bernardino,34.5328,-117.2104,73453
Pittsburg,CA,California,Contra Costa,38.0182,-121.8964,72588
Redlands,CA,California,San Bernardino,34.0511,-117.1712,71513
El Paso de Robles,CA,California,San Luis Obispo,35.6394,-120.656,70248
Walnut Creek,CA,California,Contra Costa,37.9024,-122.0398,70166
Lynwood,CA,California,Los Angeles,33.924,-118.2017,69887
Lake Elsinore,CA,California,Riverside,33.6847,-117.3344,69283
Rocklin,CA,California,Placer,38.8075,-121.2488,68823
South San Francisco,CA,California,San Mateo,37.6536,-122.4197,67789
Yorba Linda,CA,California,Orange,33.889,-117.7714,67644
Petaluma,CA,California,Sonoma,38.2423,-122.6267,66929
Redondo Beach,CA,California,Los Angeles,33.8574,-118.3766,66749
Laguna Niguel,CA,California,Orange,33.5275,-117.705,66385
Tulare,CA,California,Tulare,36.1996,-119.34,65496
Palo Alto,CA,California,Santa Clara,37.3913,-122.1468,65364
Dublin,CA,California,Alameda,37.7161,-121.8963,64826
Carmichael,CA,California,Sacramento,38.6337,-121.323,64785
San Clemente,CA,California,Orange,33.4498,-117.6103,64558
Brentwood,CA,California,Contra Costa,37.9355,-121.7191,64474
Florence-Graham,CA,California,Los Angeles,33.9682,-118.2447,64162
Eastvale,CA,California,Riverside,33.9617,-117.5802,64157
Castro Valley,CA,California,Alameda,37.7091,-122.0631,63288
Encinitas,CA,California,San Diego,33.049,-117.2613,62709
San Luis Obispo,CA,California,San Luis Obispo,35.2669,-120.6691,62290
Pico Rivera,CA,California,Los Angeles,33.9902,-118.0888,62027
Montebello,CA,California,Los Angeles,34.0155,-118.1108,61954
National City,CA,California,San Diego,32.6654,-117.0983,61394
Woodland,CA,California,Yolo,38.6712,-121.75,60598
La Habra,CA,California,Orange,33.9278,-117.9513,60513
South Whittier,CA,California,Los Angeles,33.9336,-118.0311,60096
Monterey Park,CA,California,Los Angeles,34.0497,-118.1326,59669
Gardena,CA,California,Los Angeles,33.8944,-118.3073,59329
Cupertino,CA,California,Santa Clara,37.3168,-122.0465,59276
La Mesa,CA,California,San Diego,32.7703,-117.0204,59249
San Rafael,CA,California,Marin,37.9905,-122.5222,58440
Santee,CA,California,San Diego,32.8554,-116.9851,58081
Arcadia,CA,California,Los Angeles,34.1342,-118.0373,57939
Huntington Park,CA,California,Los Angeles,33.98,-118.2167,57509
Diamond Bar,CA,California,Los Angeles,33.9991,-117.8161,55720
Novato,CA,California,Marin,38.092,-122.5576,55516
Highland,CA,California,San Bernardino,34.1113,-117.1654,55417
Fountain Valley,CA,California,Orange,33.7105,-117.9514,55357
Cathedral City,CA,California,Riverside,33.8363,-116.4642,55007
Hacienda Heights,CA,California,Los Angeles,33.997,-117.9728,54970
Delano,CA,California,Kern,35.767,-119.2637,54917
Colton,CA,California,San Bernardino,34.0538,-117.3254,54824
Arroyo Grande,CA,California,San Luis Obispo,35.1241,-120.5845,54177
Rosemead,CA,California,Los Angeles,34.0689,-118.0823,54058
Paramount,CA,California,Los Angeles,33.8976,-118.1652,53955
Yucaipa,CA,California,San Bernardino,34.0336,-117.0429,53921
West Sacramento,CA,California,Yolo,38.5557,-121.5504,53519
Palm Desert,CA,California,Riverside,33.7378,-116.3695,53275
Lompoc,CA,California,Santa Barbara,34.6618,-120.4714,52020
Glendora,CA,California,Los Angeles,34.1449,-117.8468,51544
Placentia,CA,California,Orange,33.8807,-117.8553,51233
Beaumont,CA,California,Riverside,33.9076,-116.9766,51063
Aliso Viejo,CA,California,Orange,33.5792,-117.7289,50887
Rowland Heights,CA,California,Los Angeles,33.9716,-117.8911,50602
Azusa,CA,California,Los Angeles,34.1386,-117.9124,49974
Cerritos,CA,California,Los Angeles,33.8677,-118.0686,49859
Oroville,CA,California,Butte,39.4999,-121.5634,49513
Poway,CA,California,San Diego,32.9871,-117.0201,49323
San Jacinto,CA,California,Riverside,33.797,-116.9916,49215
Newark,CA,California,Alameda,37.5204,-122.0312,49149
Florin,CA,California,Sacramento,38.4832,-121.4042,49132
Reedley,CA,California,Fresno,36.5987,-119.4473,49042
Cypress,CA,California,Orange,33.8171,-118.0386,49006
Hollister,CA,California,San Benito,36.8563,-121.3981,48992
North Highlands,CA,California,Sacramento,38.6713,-121.3721,48968
Ceres,CA,California,Stanislaus,37.5953,-120.9625,48706
Palm Springs,CA,California,Riverside,33.8017,-116.5382,48518
Lincoln,CA,California,Placer,38.8759,-121.2916,48275
La Mirada,CA,California,Los Angeles,33.9025,-118.0093,48183
Rancho Santa Margarita,CA,California,Orange,33.6318,-117.5989,47896
Covina,CA,California,Los Angeles,34.0903,-117.8817,47450
Antelope,CA,California,Sacramento,38.7153,-121.361,47326
Morgan Hill,CA,California,Santa Clara,37.1326,-121.6417,45952
Coachella,CA,California,Riverside,33.6905,-116.143,45743
El Dorado Hills,CA,California,El Dorado,38.675,-121.049,45599
Altadena,CA,California,Los Angeles,34.1928,-118.1345,45146
Selma,CA,California,Fresno,36.5715,-119.6143,44703
Danville,CA,California,Contra Costa,37.8121,-121.9698,44510
Eureka,CA,California,Humboldt,40.7942,-124.1568,44236
Desert Hot Springs,CA,California,Riverside,33.9551,-116.543,43914
Rohnert Park,CA,California,Sonoma,38.348,-122.6964,43291
Brea,CA,California,Orange,33.9254,-117.8656,43255
San Bruno,CA,California,San Mateo,37.6254,-122.4313,42807
Oakley,CA,California,Contra Costa,37.9929,-121.6951,42543
Bell Gardens,CA,California,Los Angeles,33.9663,-118.155,42012
Campbell,CA,California,Santa Clara,37.2802,-121.9538,41793
La Quinta,CA,California,Riverside,33.6536,-116.2785,41748
Rancho Palos Verdes,CA,California,Los Angeles,33.7554,-118.3637,41530
Los Banos,CA,California,Merced,37.063,-120.8406,40972
Montclair,CA,California,San Bernardino,34.0714,-117.698,40083
San Gabriel,CA,California,Los Angeles,34.0948,-118.099,39899
Calexico,CA,California,Imperial,32.6849,-115.4944,39825
La Puente,CA,California,Los Angeles,34.0323,-117.9533,39614
Culver City,CA,California,Los Angeles,34.0058,-118.3968,39185
Pacifica,CA,California,San Mateo,37.6112,-122.4781,38546
Martinez,CA,California,Contra Costa,37.9985,-122.116,38297
Stanton,CA,California,Orange,33.8002,-117.9935,38139
La Presa,CA,California,San Diego,32.711,-117.0027,37437
Wildomar,CA,California,Riverside,33.6173,-117.2582,37229
West Hollywood,CA,California,Los Angeles,34.0882,-118.3718,36475
Moorpark,CA,California,Ventura,34.2855,-118.877,36375
Monrovia,CA,California,Los Angeles,34.165,-117.9921,36331
Claremont,CA,California,Los Angeles,34.1259,-117.7153,36266
San Juan Capistrano,CA,California,Orange,33.5009,-117.6544,35911
Temple City,CA,California,Los Angeles,34.1021,-118.0579,35811
Bell,CA,California,Los Angeles,33.9801,-118.1798,35521
Auburn,CA,California,Placer,38.895,-121.0778,35311
Manhattan Beach,CA,California,Los Angeles,33.8895,-118.3972,35183
Pleasant Hill,CA,California,Contra Costa,37.954,-122.0759,34839
Orangevale,CA,California,Sacramento,38.6881,-121.2209,34757
Oildale,CA,California,Kern,35.4249,-119.0279,34723
Menlo Park,CA,California,San Mateo,37.4686,-122.1672,34698
Arcata,CA,California,Humboldt,40.8615,-124.0757,34616
Grass Valley,CA,California,Nevada,39.2237,-121.0521,34196
Adelanto,CA,California,San Bernardino,34.5815,-117.4397,34049
Foster City,CA,California,San Mateo,37.5553,-122.2659,33901
Sonoma,CA,California,Sonoma,38.2902,-122.4598,33831
French Valley,CA,California,Riverside,33.5998,-117.1069,33818
Beverly Hills,CA,California,Los Angeles,34.0786,-118.4021,33792
Foothill Farms,CA,California,Sacramento,38.6867,-121.3475,33749
Westmont,CA,California,Los Angeles,33.9417,-118.3018,33723
San Dimas,CA,California,Los Angeles,34.1082,-117.809,33621
Dana Point,CA,California,Orange,33.4733,-117.6968,33577
Fallbrook,CA,California,San Diego,33.3693,-117.2259,33021
Ridgecrest,CA,California,Kern,35.6308,-117.6621,32684
Lawndale,CA,California,Los Angeles,33.8884,-118.3531,32389
La Verne,CA,California,Los Angeles,34.1208,-117.7702,31974
Placerville,CA,California,El Dorado,38.7308,-120.7978,31943
Spring Valley,CA,California,San Diego,32.7316,-116.9766,31591
Banning,CA,California,Riverside,33.946,-116.8992,31221
Laguna Hills,CA,California,Orange,33.592,-117.6992,31207
Fair Oaks,CA,California,Sacramento,38.6504,-121.2497,31002
San Pablo,CA,California,Contra Costa,37.9628,-122.3425,30990
Goleta,CA,California,Santa Barbara,34.436,-119.8596,30911
Burlingame,CA,California,San Mateo,37.586,-122.3669,30889
Barstow,CA,California,San Bernardino,34.8661,-117.0472,30605
Orcutt,CA,California,Santa Barbara,34.8668,-120.4269,30493
Ladera Ranch,CA,California,Orange,33.5491,-117.6416,30288
Santa Paula,CA,California,Ventura,34.3521,-119.0698,30233
Los Gatos,CA,California,Santa Clara,37.2303,-121.956,30222
South Lake Tahoe,CA,California,El Dorado,38.9393,-119.9828,30188
San Carlos,CA,California,San Mateo,37.4982,-122.268,30185
Saratoga,CA,California,Santa Clara,37.2684,-122.0263,30153
Los Altos,CA,California,Santa Clara,37.3685,-122.0966,30089
Atascadero,CA,California,San Luis Obispo,35.4827,-120.6858,30075
Walnut,CA,California,Los Angeles,34.0334,-117.8593,29685
Suisun City,CA,California,Solano,38.2473,-122.009,29663
Ukiah,CA,California,Mendocino,39.1463,-123.2105,29561
Atwater,CA,California,Merced,37.3543,-120.5981,29559
East Palo Alto,CA,California,San Mateo,37.4671,-122.1352,29314
Wasco,CA,California,Kern,35.5938,-119.3671,28647
Vineyard,CA,California,Sacramento,38.4744,-121.319,28315
Benicia,CA,California,Solano,38.0725,-122.1525,28240
Monterey,CA,California,Monterey,36.5922,-121.8807,28178
Sonora,CA,California,Tuolumne,37.9819,-120.3828,28035
Galt,CA,California,Sacramento,38.2693,-121.3,27954
Sanger,CA,California,Fresno,36.699,-119.5575,27777
Isla Vista,CA,California,Santa Barbara,34.4144,-119.8581,27690
Imperial Beach,CA,California,San Diego,32.5689,-117.1184,27440
West Whittier-Los Nietos,CA,California,Los Angeles,33.9759,-118.0689,27144
Windsor,CA,California,Sonoma,38.5417,-122.8086,27128
Maywood,CA,California,Los Angeles,33.9885,-118.1877,26973
Belmont,CA,California,San Mateo,37.5154,-122.2955,26941
Lemon Grove,CA,California,San Diego,32.7331,-117.0344,26811
Lemoore,CA,California,Kings,36.2949,-119.7983,26725
Temescal Valley,CA,California,Riverside,33.7581,-117.4677,26709
Lafayette,CA,California,Contra Costa,37.8919,-122.1189,26638
Norco,CA,California,Riverside,33.9252,-117.5499,26604
Brawley,CA,California,Imperial,32.9783,-115.5287,26309
Hercules,CA,California,Contra Costa,38.0064,-122.2564,26276
Soledad,CA,California,Monterey,36.4432,-121.3426,26207
El Cerrito,CA,California,Contra Costa,37.9197,-122.3025,25508
San Lorenzo,CA,California,Alameda,37.6737,-122.1349,25388
South Pasadena,CA,California,Los Angeles,34.1103,-118.1573,25329
Valinda,CA,California,Los Angeles,34.0401,-117.93,25296
Bay Point,CA,California,Contra Costa,38.0329,-121.9614,25165
Yucca Valley,CA,California,San Bernardino,34.1234,-116.4216,25042
Riverbank,CA,California,Stanislaus,37.7268,-120.9402,24881
North Tustin,CA,California,Orange,33.7644,-117.7945,24736
Lathrop,CA,California,San Joaquin,37.809,-121.3131,24483
Loma Linda,CA,California,San Bernardino,34.0451,-117.2498,24482
Dinuba,CA,California,Tulare,36.5453,-119.3987,24461
San Fernando,CA,California,Los Angeles,34.2886,-118.4363,24322
Seal Beach,CA,California,Orange,33.7542,-118.0714,23896
Calabasas,CA,California,Los Angeles,34.1375,-118.6689,23853
Coronado,CA,California,San Diego,32.664,-117.16,23731
Half Moon Bay,CA,California,San Mateo,37.4688,-122.4383,23653
Ashland,CA,California,Alameda,37.6942,-122.1159,23635
West Puente Valley,CA,California,Los Angeles,34.0512,-117.9681,23629
Rosemont,CA,California,Sacramento,38.5477,-121.3553,23617
Oakdale,CA,California,Stanislaus,37.7616,-120.847,23596
Cudahy,CA,California,Los Angeles,33.9631,-118.183,23569
Winter Gardens,CA,California,San Diego,32.8376,-116.9268,23088
West Rancho Dominguez,CA,California,Los Angeles,33.9057,-118.2682,22932
Patterson,CA,California,Stanislaus,37.4758,-121.1535,22930
Laguna Beach,CA,California,Orange,33.5448,-117.7612,22827
Marina,CA,California,Monterey,36.6812,-121.7895,22781
Corcoran,CA,California,Kings,36.0839,-119.561,22581
Lakeside,CA,California,San Diego,32.856,-116.904,22560
West Carson,CA,California,Los Angeles,33.8229,-118.2931,22537
Granite Bay,CA,California,Placer,38.7601,-121.1714,22439
Willowbrook,CA,California,Los Angeles,33.9199,-118.2362,22402
Millbrae,CA,California,San Mateo,37.5994,-122.4023,22394
Arvin,CA,California,Kern,35.1944,-118.8306,22155
Port Hueneme,CA,California,Ventura,34.1617,-119.2036,21926
Bloomington,CA,California,San Bernardino,34.0601,-117.4013,21783
Shafter,CA,California,Kern,35.4794,-119.2013,21734
Lennox,CA,California,Los Angeles,33.938,-118.3586,21329
Rancho San Diego,CA,California,San Diego,32.7624,-116.9197,21289
Duarte,CA,California,Los Angeles,34.161,-117.9504,21271
Dixon,CA,California,Solano,38.4468,-121.8249,20803
East Hemet,CA,California,Riverside,33.7301,-116.941,20679
South San Jose Hills,CA,California,Los Angeles,34.0123,-117.9041,20593
South El Monte,CA,California,Los Angeles,34.0493,-118.0484,20574
American Canyon,CA,California,Napa,38.1796,-122.2583,20475
Lomita,CA,California,Los Angeles,33.7933,-118.3175,20320
Ramona,CA,California,San Diego,33.0474,-116.8767,20260
Agoura Hills,CA,California,Los Angeles,34.151,-118.7608,20222
Rosamond,CA,California,Kern,34.8658,-118.2154,20028
La Cañada Flintridge,CA,California,Los Angeles,34.2097,-118.2002,20009
Orinda,CA,California,Contra Costa,37.8808,-122.1791,19926
Mead Valley,CA,California,Riverside,33.8333,-117.2852,19925
Cameron Park,CA,California,El Dorado,38.6737,-120.9872,19902
Albany,CA,California,Alameda,37.8898,-122.3018,19696
Casa de Oro-Mount Helix,CA,California,San Diego,32.764,-116.9687,19635
Prunedale,CA,California,Monterey,36.8064,-121.6555,19584
La Crescenta-Montrose,CA,California,Los Angeles,34.2322,-118.2353,19500
Stevenson Ranch,CA,California,Los Angeles,34.3894,-118.5885,19364
Hermosa Beach,CA,California,Los Angeles,33.8654,-118.3966,19320
Linda,CA,California,Yuba,39.1241,-121.5421,19314
Pinole,CA,California,Contra Costa,37.9931,-122.2834,19250
Red Bluff,CA,California,Tehama,40.1735,-122.2413,19039
Castaic,CA,California,Los Angeles,34.4818,-118.6317,18921
Rancho Mirage,CA,California,Riverside,33.7634,-116.4271,18528
Imperial,CA,California,Imperial,32.839,-115.5719,18120
Moraga,CA,California,Contra Costa,37.8439,-122.1225,17783
Greenfield,CA,California,Monterey,36.3232,-121.2451,17646
Santa Fe Springs,CA,California,Los Angeles,33.933,-118.0625,17630
Bostonia,CA,California,San Diego,32.8189,-116.9479,17530
Lakeport,CA,California,Lake,39.0392,-122.9218,17466
Nipomo,CA,California,San Luis Obispo,35.0323,-120.4991,17445
Live Oak,CA,California,Santa Cruz,36.986,-121.9804,17390
Woodcrest,CA,California,Riverside,33.8789,-117.3686,17310
Vincent,CA,California,Los Angeles,34.0982,-117.9238,17008
Valle Vista,CA,California,Riverside,33.7436,-116.8872,16879
Crescent City,CA,California,Del Norte,41.7727,-124.1902,16849
Rosedale,CA,California,Kern,35.3887,-119.2058,16737
East Rancho Dominguez,CA,California,Los Angeles,33.895,-118.1956,16734
Lindsay,CA,California,Tulare,36.2082,-119.0897,16713
McKinleyville,CA,California,Humboldt,40.9488,-124.0857,16612
El Segundo,CA,California,Los Angeles,33.9169,-118.4021,16610
Artesia,CA,California,Los Angeles,33.8676,-118.0806,16601
Solvang,CA,California,Santa Barbara,34.5936,-120.1401,16540
Cherryland,CA,California,Alameda,37.6792,-122.1038,16387
Ripon,CA,California,San Joaquin,37.7417,-121.131,16386
Coalinga,CA,California,Fresno,36.143,-120.3262,16307
Los Osos,CA,California,San Luis Obispo,35.3068,-120.8249,16292
Walnut Park,CA,California,Los Angeles,33.9683,-118.222,16034
Discovery Bay,CA,California,Contra Costa,37.9071,-121.6076,15981
Clearlake,CA,California,Lake,38.959,-122.633,15961
Fillmore,CA,California,Ventura,34.3989,-118.9181,15954
East San Gabriel,CA,California,Los Angeles,34.1198,-118.0807,15932
Avocado Heights,CA,California,Los Angeles,34.0381,-118.0026,15903
King City,CA,California,Monterey,36.2166,-121.133,15887
Parkway,CA,California,Sacramento,38.4993,-121.452,15885
Laguna Woods,CA,California,Orange,33.6098,-117.7299,15850
Stanford,CA,California,Santa Clara,37.4252,-122.1674,15668
McFarland,CA,California,Kern,35.6781,-119.2414,15651
Mountain House,CA,California,San Joaquin,37.774,-121.5452,15645
Parlier,CA,California,Fresno,36.6087,-119.5434,15613
Phelan,CA,California,San Bernardino,34.4398,-117.5248,15532
Rio Linda,CA,California,Sacramento,38.6876,-121.4418,15460
La Palma,CA,California,Orange,33.8504,-118.0406,15428
Pacific Grove,CA,California,Monterey,36.6192,-121.9255,15413
Alamo,CA,California,Contra Costa,37.8546,-122.013,15317
Alpine,CA,California,San Diego,32.8439,-116.7585,15233
Lamont,CA,California,Kern,35.2651,-118.9159,15222
Kerman,CA,California,Fresno,36.7249,-120.0625,15218
Coto de Caza,CA,California,Orange,33.5961,-117.5862,14931
Tehachapi,CA,California,Kern,35.1274,-118.4749,14928
Taft,CA,California,Kern,35.1267,-119.4242,14898
Livingston,CA,California,Merced,37.3875,-120.7248,14896
Salida,CA,California,Stanislaus,37.7145,-121.087,14658
North Fair Oaks,CA,California,San Mateo,37.4754,-122.2035,14547
Mill Valley,CA,California,Marin,37.9085,-122.5421,14259
Hawaiian Gardens,CA,California,Los Angeles,33.8303,-118.0728,14159
Lemon Hill,CA,California,Sacramento,38.5172,-121.4573,14096
El Sobrante,CA,California,Riverside,33.8724,-117.4625,13966
Oak Park,CA,California,Ventura,34.1849,-118.7669,13730
Muscoy,CA,California,San Bernardino,34.155,-117.3477,13726
North Auburn,CA,California,Placer,38.9306,-121.0821,13707
Sun Village,CA,California,Los Angeles,34.5596,-117.9559,13516
Avenal,CA,California,Kings,36.0311,-120.1162,13479
Grover Beach,CA,California,San Luis Obispo,35.1204,-120.6199,13459
Fortuna,CA,California,Humboldt,40.5862,-124.1419,13449
Twentynine Palms,CA,California,San Bernardino,34.1478,-116.0659,13423
Carpinteria,CA,California,Santa Barbara,34.3962,-119.5118,13385
Bonita,CA,California,San Diego,32.6652,-117.0295,13324
Big Bear City,CA,California,San Bernardino,34.2536,-116.7903,13312
Olivehurst,CA,California,Yuba,39.0817,-121.5549,13309
Solana Beach,CA,California,San Diego,32.9942,-117.2575,13296
Palos Verdes Estates,CA,California,Los Angeles,33.7871,-118.3976,13273
Lakeland Village,CA,California,Riverside,33.648,-117.3706,13170
San Marino,CA,California,Los Angeles,34.1224,-118.1132,13048
Magalia,CA,California,Butte,39.8228,-121.6078,12671
Commerce,CA,California,Los Angeles,33.9963,-118.1519,12661
Grand Terrace,CA,California,San Bernardino,34.0312,-117.3132,12584
Truckee,CA,California,Nevada,39.3455,-120.1848,12554
Marysville,CA,California,Yuba,39.1518,-121.5835,12476
San Anselmo,CA,California,Marin,37.9821,-122.5699,12476
Clayton,CA,California,Contra Costa,37.9403,-121.9301,12265
Blythe,CA,California,Riverside,33.622,-114.6188,12260
Larkspur,CA,California,Marin,37.9393,-122.5313,12254
Kingsburg,CA,California,Fresno,36.5245,-119.5602,12108
Emeryville,CA,California,Alameda,37.8382,-122.2932,12086
Diamond Springs,CA,California,El Dorado,38.692,-120.8391,11989
Healdsburg,CA,California,Sonoma,38.6229,-122.8651,11845
Malibu,CA,California,Los Angeles,34.0368,-118.7845,11820
Alum Rock,CA,California,Santa Clara,37.3695,-121.8241,11791
Newman,CA,California,Stanislaus,37.3157,-121.0211,11783
Winton,CA,California,Merced,37.3854,-120.6173,11761
Scotts Valley,CA,California,Santa Cruz,37.0555,-122.0118,11757
Delhi,CA,California,Merced,37.4306,-120.7759,11735
Mendota,CA,California,Fresno,36.7555,-120.3776,11716
Chowchilla,CA,California,Madera,37.1095,-120.2349,11583
View Park-Windsor Hills,CA,California,Los Angeles,33.9955,-118.3484,11580
Lake Los Angeles,CA,California,Los Angeles,34.6097,-117.8339,11469
Camp Pendleton South,CA,California,San Diego,33.2284,-117.3791,11459
Home Gardens,CA,California,Riverside,33.8784,-117.5116,11442
Signal Hill,CA,California,Los Angeles,33.8029,-118.1681,11421
Los Alamitos,CA,California,Orange,33.7972,-118.0594,11399
Hillsborough,CA,California,San Mateo,37.5573,-122.3587,11387
Canyon Lake,CA,California,Riverside,33.6885,-117.2621,11280
Tamalpais-Homestead Valley,CA,California,Marin,37.8793,-122.5382,11261
Rossmoor,CA,California,Orange,33.7886,-118.0803,11160
Piedmont,CA,California,Alameda,37.8226,-122.23,11135
Orange Cove,CA,California,Fresno,36.6211,-119.3188,11059
California City,CA,California,Kern,35.1578,-117.8721,10968
Soquel,CA,California,Santa Cruz,36.9978,-121.9482,10862
La Riviera,CA,California,Sacramento,38.5683,-121.3544,10851
Sierra Madre,CA,California,Los Angeles,34.1687,-118.0504,10793
Citrus,CA,California,Los Angeles,34.1161,-117.889,10771
Farmersville,CA,California,Tulare,36.3053,-119.2083,10703
Garden Acres,CA,California,San Joaquin,37.9637,-121.2296,10701
Anderson,CA,California,Shasta,40.4497,-122.295,10630
Morro Bay,CA,California,San Luis Obispo,35.3681,-120.8481,10543
Exeter,CA,California,Tulare,36.294,-119.1459,10485
Shasta Lake,CA,California,Shasta,40.679,-122.3775,10413
Rodeo,CA,California,Contra Costa,38.0368,-122.2526,10411
East Whittier,CA,California,Los Angeles,33.9244,-117.9887,10391
San Diego Country Estates,CA,California,San Diego,33.0093,-116.7874,10381
Fort Bragg,CA,California,Mendocino,39.4399,-123.8013,10374
Fairview,CA,California,Alameda,37.676,-122.048,10299
Quartz Hill,CA,California,Los Angeles,34.6527,-118.2163,10164
Del Aire,CA,California,Los Angeles,33.9168,-118.3693,10065
Capitola,CA,California,Santa Cruz,36.9772,-121.9538,10010
Orland,CA,California,Glenn,39.7461,-122.1856,9964
Madera Acres,CA,California,Madera,37.0123,-120.0799,9946
Blackhawk,CA,California,Contra Costa,37.816,-121.9071,9860
Mentone,CA,California,San Bernardino,34.0609,-117.1108,9847
Country Club,CA,California,San Joaquin,37.9687,-121.3408,9846
Rio del Mar,CA,California,Santa Cruz,36.9607,-121.8807,9775
Marina del Rey,CA,California,Los Angeles,33.9765,-118.4486,9771
Lake Arrowhead,CA,California,San Bernardino,34.2531,-117.1945,9765
Charter Oak,CA,California,Los Angeles,34.1025,-117.8564,9760
Corte Madera,CA,California,Marin,37.9238,-122.5129,9751
Oak Hills,CA,California,San Bernardino,34.3912,-117.4125,9700
Waterford,CA,California,Stanislaus,37.6429,-120.7553,9648
Bishop,CA,California,Inyo,37.3665,-118.3958,9597
Golden Hills,CA,California,Kern,35.1512,-118.5024,9407
Crestline,CA,California,San Bernardino,34.2486,-117.289,9381
Rio Vista,CA,California,Solano,38.1763,-121.7025,9369
Gridley,CA,California,Butte,39.3622,-121.6971,9237
Cloverdale,CA,California,Sonoma,38.7961,-123.0151,9205
Good Hope,CA,California,Riverside,33.7706,-117.2772,9173
Calimesa,CA,California,Riverside,33.9874,-117.0542,9160
Fort Irwin,CA,California,San Bernardino,35.2476,-116.6834,9086
Tiburon,CA,California,Marin,37.8854,-122.4637,9084
Valley Center,CA,California,San Diego,33.233,-117.0157,9059
Larkfield-Wikiup,CA,California,Sonoma,38.513,-122.7536,8926
Earlimart,CA,California,Tulare,35.8824,-119.2715,8790
August,CA,California,San Joaquin,37.9797,-121.2625,8774
Needles,CA,California,San Bernardino,34.8164,-114.6189,8752
South San Gabriel,CA,California,Los Angeles,34.0489,-118.0961,8643
Montecito,CA,California,Santa Barbara,34.4382,-119.6286,8611
Corning,CA,California,Tehama,39.9282,-122.182,8604
Susanville,CA,California,Lassen,40.4205,-120.6129,8602
West Athens,CA,California,Los Angeles,33.9235,-118.3033,8574
Ione,CA,California,Amador,38.3613,-120.9422,8462
Los Altos Hills,CA,California,Santa Clara,37.3671,-122.139,8423
Midway City,CA,California,Orange,33.7451,-117.9849,8374
Gonzales,CA,California,Monterey,36.506,-121.4429,8293
Westlake Village,CA,California,Los Angeles,34.1369,-118.822,8217
Pismo Beach,CA,California,San Luis Obispo,35.1484,-120.6492,8168
Alondra Park,CA,California,Los Angeles,33.8885,-118.335,8097
Rolling Hills Estates,CA,California,Los Angeles,33.7783,-118.3509,8058
Willits,CA,California,Mendocino,39.4047,-123.3494,8055
Firebaugh,CA,California,Fresno,36.8534,-120.4536,8000
Templeton,CA,California,San Luis Obispo,35.556,-120.7182,7938
Camp Pendleton North,CA,California,San Diego,33.3148,-117.3162,7903
Boyes Hot Springs,CA,California,Sonoma,38.3126,-122.4888,7863
Vandenberg Village,CA,California,Santa Barbara,34.7111,-120.4623,7861
Woodlake,CA,California,Tulare,36.4124,-119.0999,7854
Winters,CA,California,Yolo,38.532,-121.9781,7820
Thousand Palms,CA,California,Riverside,33.815,-116.3545,7814
Guadalupe,CA,California,Santa Barbara,34.9608,-120.5735,7783
Cherry Valley,CA,California,Riverside,33.9797,-116.9694,7755
Spring Valley Lake,CA,California,San Bernardino,34.4987,-117.2683,7744
Mammoth Lakes,CA,California,Mono,37.6273,-118.99,7694
Oceano,CA,California,San Luis Obispo,35.1019,-120.609,7678
Sebastopol,CA,California,Sonoma,38.4001,-122.8276,7674
Holtville,CA,California,Imperial,32.813,-115.378,7664
Escalon,CA,California,San Joaquin,37.7912,-120.9982,7601
Piñon Hills,CA,California,San Bernardino,34.4438,-117.6214,7592
Hughson,CA,California,Stanislaus,37.602,-120.866,7565
Jackson,CA,California,Amador,38.3485,-120.7728,7550
Gold River,CA,California,Sacramento,38.6268,-121.2488,7523
Fairfax,CA,California,Marin,37.9886,-122.5952,7522
Dos Palos,CA,California,Merced,36.9854,-120.6336,7494
Mount Shasta,CA,California,Siskiyou,41.3206,-122.315,7472
Ojai,CA,California,Ventura,34.4487,-119.2469,7470
Topanga,CA,California,Los Angeles,34.0964,-118.6053,7449
Orosi,CA,California,Tulare,36.5434,-119.2903,7441
Cotati,CA,California,Sonoma,38.3279,-122.7092,7410
University of California-Davis,CA,California,Yolo,38.5374,-121.7576,7379
Oroville East,CA,California,Butte,39.4947,-121.4866,7368
Plumas Lake,CA,California,Yuba,38.9924,-121.558,7367
Yreka,CA,California,Siskiyou,41.7292,-122.6312,7356
Homeland,CA,California,Riverside,33.7459,-117.1132,7326
Franklin,CA,California,Merced,37.3277,-120.5321,7314
Huron,CA,California,Fresno,36.2041,-120.0961,7281
Willows,CA,California,Glenn,39.5149,-122.1995,7234
Alta Sierra,CA,California,Nevada,39.1237,-121.0523,7207
South Monrovia Island,CA,California,Los Angeles,34.1234,-117.9958,7192
Interlaken,CA,California,Santa Cruz,36.9505,-121.7363,7191
Acton,CA,California,Los Angeles,34.4956,-118.1857,7185
Mecca,CA,California,Riverside,33.5767,-116.0645,7174
Atherton,CA,California,San Mateo,37.4539,-122.2032,7137
Calipatria,CA,California,Imperial,33.1493,-115.5056,7114
Ladera Heights,CA,California,Los Angeles,33.9972,-118.374,7090
Ben Lomond,CA,California,Santa Cruz,37.0782,-122.0882,7071
Sausalito,CA,California,Marin,37.858,-122.4932,7068
Lemoore Station,CA,California,Kings,36.2633,-119.9049,7063
St. Helena,CA,California,Napa,38.5063,-122.4682,7059
Rancho Calaveras,CA,California,Calaveras,38.1248,-120.857,7035
Nuevo,CA,California,Riverside,33.8011,-117.1415,7033
San Martin,CA,California,Santa Clara,37.0829,-121.5963,7010
Joshua Tree,CA,California,San Bernardino,34.1236,-116.3128,6980
Desert Palms,CA,California,Riverside,33.779,-116.293,6947
Kentfield,CA,California,Marin,37.9481,-122.5496,6930
Mira Monte,CA,California,Ventura,34.4284,-119.2853,6912
Pollock Pines,CA,California,El Dorado,38.7564,-120.5904,6905
Colusa,CA,California,Colusa,39.2059,-122.0125,6891
Loomis,CA,California,Placer,38.8093,-121.1955,6866
Lake Mathews,CA,California,Riverside,33.825,-117.3683,6848
Lucas Valley-Marinwood,CA,California,Marin,38.0405,-122.5765,6841
Bermuda Dunes,CA,California,Riverside,33.7434,-116.2874,6817
Fowler,CA,California,Fresno,36.6243,-119.6737,6790
Thermalito,CA,California,Butte,39.4909,-121.615,6704
Castroville,CA,California,Monterey,36.765,-121.7535,6686
East Porterville,CA,California,Tulare,36.0573,-118.9713,6679
El Rio,CA,California,Ventura,34.2452,-119.1568,6505
Contra Costa Centre,CA,California,Contra Costa,37.9261,-122.054,6497
La Habra Heights,CA,California,Los Angeles,33.9602,-117.951,6492
Saranap,CA,California,Contra Costa,37.8878,-122.076,6492
East Foothills,CA,California,Santa Clara,37.3827,-121.8138,6278
Pleasure Point,CA,California,Santa Cruz,36.9618,-121.9715,6277
Fruitridge Pocket,CA,California,Sacramento,38.5326,-121.4558,6215
Keyes,CA,California,Stanislaus,37.5618,-120.9088,6185
Hidden Valley Lake,CA,California,Lake,38.8003,-122.5505,6044
Eucalyptus Hills,CA,California,San Diego,32.885,-116.9453,6017
East Pasadena,CA,California,Los Angeles,34.1377,-118.0776,5971
Silver Lakes,CA,California,San Bernardino,34.7519,-117.3431,5966
Paradise,CA,California,Butte,39.7558,-121.6063,5928
West Modesto,CA,California,Stanislaus,37.618,-121.0343,5911
Gustine,CA,California,Merced,37.2545,-120.9949,5882
Las Flores,CA,California,Orange,33.5838,-117.6235,5877
Durham,CA,California,Butte,39.6232,-121.7875,5863
Hilmar-Irwin,CA,California,Merced,37.4045,-120.8504,5846
Mayflower Village,CA,California,Los Angeles,34.116,-118.0096,5822
Elverta,CA,California,Sacramento,38.7185,-121.4455,5821
El Granada,CA,California,San Mateo,37.5134,-122.466,5819
Aptos,CA,California,Santa Cruz,36.9912,-121.8934,5797
Villa Park,CA,California,Orange,33.818,-117.8104,5790
Cutler,CA,California,Tulare,36.5263,-119.2884,5774
Strawberry,CA,California,Marin,37.8925,-122.5078,5759
Greenacres,CA,California,Kern,35.3831,-119.1184,5757
Cambria,CA,California,San Luis Obispo,35.5523,-121.0847,5725
Yosemite Lakes,CA,California,Madera,37.1885,-119.7723,5647
Twin Lakes,CA,California,Santa Cruz,36.9646,-121.9896,5642
Salton City,CA,California,Imperial,33.2994,-115.9609,5611
Rancho Murieta,CA,California,Sacramento,38.5085,-121.0716,5603
Palermo,CA,California,Butte,39.4313,-121.5225,5544
Old Fig Garden,CA,California,Fresno,36.7989,-119.8051,5529
Indian Wells,CA,California,Riverside,33.7036,-116.3396,5470
Williams,CA,California,Colusa,39.1498,-122.1389,5469
Woodside,CA,California,San Mateo,37.4222,-122.2591,5458
Bear Valley Springs,CA,California,Kern,35.1775,-118.646,5442
Lucerne Valley,CA,California,San Bernardino,34.4427,-116.9021,5423
Kensington,CA,California,Contra Costa,37.9084,-122.2805,5415
Tara Hills,CA,California,Contra Costa,37.9939,-122.3188,5405
Jamul,CA,California,San Diego,32.7184,-116.8709,5384
Bret Harte,CA,California,Stanislaus,37.6021,-121.0045,5319
Wilton,CA,California,Sacramento,38.413,-121.2127,5307
Myrtletown,CA,California,Humboldt,40.7888,-124.1286,5290
Broadmoor,CA,California,San Mateo,37.6914,-122.4811,5286
Big Bear Lake,CA,California,San Bernardino,34.2429,-116.8951,5279
Calistoga,CA,California,Napa,38.5818,-122.5824,5247
Lake Wildwood,CA,California,Nevada,39.235,-121.2003,5208
Denair,CA,California,Stanislaus,37.5262,-120.7994,5131
Buellton,CA,California,Santa Barbara,34.6152,-120.1943,5102
Mayfair,CA,California,Fresno,36.7693,-119.7612,5091
Garnet,CA,California,Riverside,33.9179,-116.4796,5057
Highgrove,CA,California,Riverside,34.0106,-117.3098,4986
Lake San Marcos,CA,California,San Diego,33.1196,-117.2088,4890
Guerneville,CA,California,Sonoma,38.5137,-122.9894,4808
Santa Venetia,CA,California,Marin,38.0055,-122.5032,4790
Lincoln Village,CA,California,San Joaquin,38.0054,-121.3339,4768
Oak View,CA,California,Ventura,34.399,-119.2976,4720
Boulder Creek,CA,California,Santa Cruz,37.1341,-122.1271,4712
Fetters Hot Springs-Agua Caliente,CA,California,Sonoma,38.3274,-122.4871,4697
Heber,CA,California,Imperial,32.7318,-115.5204,4686
Brisbane,CA,California,San Mateo,37.6898,-122.402,4671
Emerald Lake Hills,CA,California,San Mateo,37.4662,-122.2675,4594
Portola Valley,CA,California,San Mateo,37.3713,-122.2203,4568
Bonsall,CA,California,San Diego,33.2761,-117.1942,4464
Sunnyside,CA,California,Fresno,36.7294,-119.6945,4451
Planada,CA,California,Merced,37.2892,-120.3207,4418
Mather,CA,California,Sacramento,38.5489,-121.2832,4408
Santa Ynez,CA,California,Santa Barbara,34.6151,-120.0944,4401
Ford City,CA,California,Kern,35.1647,-119.4584,4365
Pacheco,CA,California,Contra Costa,37.9878,-122.07,4355
Del Mar,CA,California,San Diego,32.9633,-117.2627,4319
Copperopolis,CA,California,Calaveras,37.9365,-120.6277,4299
Running Springs,CA,California,San Bernardino,34.2104,-117.1147,4296
Carmel Valley Village,CA,California,Monterey,36.4824,-121.7198,4293
Wrightwood,CA,California,San Bernardino,34.3495,-117.6299,4283
Phoenix Lake,CA,California,Tuolumne,38.0075,-120.3089,4283
Humboldt Hill,CA,California,Humboldt,40.7219,-124.1987,4268
Mountain View Acres,CA,California,San Bernardino,34.4976,-117.3472,4260
North Richmond,CA,California,Contra Costa,37.9642,-122.3711,4233
Mojave,CA,California,Kern,35.0139,-118.1895,4230
Harbison Canyon,CA,California,San Diego,32.8273,-116.8381,4223
Ivanhoe,CA,California,Tulare,36.3886,-119.2202,4198
Del Monte Forest,CA,California,Monterey,36.5857,-121.9439,4197
Lake of the Pines,CA,California,Nevada,39.0378,-121.0642,4137
McSwain,CA,California,Merced,37.3146,-120.5867,4137
West Menlo Park,CA,California,San Mateo,37.4338,-122.2034,4116
Bystrom,CA,California,Stanislaus,37.6199,-120.9827,4099
Morada,CA,California,San Joaquin,38.0386,-121.2456,4068
Rio Dell,CA,California,Humboldt,40.5022,-124.1103,4056
North El Monte,CA,California,Los Angeles,34.103,-118.0238,4028
San Joaquin,CA,California,Fresno,36.6057,-120.1897,4002
Clearlake Riviera,CA,California,Lake,38.9512,-122.7207,3933
Vine Hill,CA,California,Contra Costa,38.0071,-122.0873,3887
Lenwood,CA,California,San Bernardino,34.8861,-117.1078,3884
Angels,CA,California,Calaveras,38.0707,-120.5501,3868
Shingle Springs,CA,California,El Dorado,38.6665,-120.937,3865
Woodbridge,CA,California,San Joaquin,38.1692,-121.3113,3865
French Camp,CA,California,San Joaquin,37.8802,-121.2803,3857
Wheatland,CA,California,Yuba,39.0287,-121.39,3848
Carmel-by-the-Sea,CA,California,Monterey,36.5528,-121.9222,3811
Felton,CA,California,Santa Cruz,37.0392,-122.0804,3810
Burney,CA,California,Shasta,40.8846,-121.6691,3807
Moss Beach,CA,California,San Mateo,37.5184,-122.5036,3799
Camino Tassajara,CA,California,Contra Costa,37.7909,-121.885,3798
Pixley,CA,California,Tulare,35.9769,-119.2889,3796
Mission Hills,CA,California,Santa Barbara,34.6861,-120.4404,3796
Armona,CA,California,Kings,36.3179,-119.7054,3795
Esparto,CA,California,Yolo,38.6934,-122.0241,3783
Las Lomas,CA,California,Monterey,36.8689,-121.7317,3755
Agua Dulce,CA,California,Los Angeles,34.5044,-118.316,3728
Freedom,CA,California,Santa Cruz,36.9402,-121.7953,3719
Brooktrails,CA,California,Mendocino,39.4429,-123.3963,3709
Forestville,CA,California,Sonoma,38.4825,-122.8899,3685
Empire,CA,California,Stanislaus,37.6432,-120.9045,3667
Kennedy,CA,California,San Joaquin,37.929,-121.2457,3665
Arbuckle,CA,California,Colusa,39.0141,-122.061,3636
Riverdale,CA,California,Fresno,36.4304,-119.8671,3625
Stallion Springs,CA,California,Kern,35.0935,-118.6477,3625
Avalon,CA,California,Los Angeles,33.3342,-118.3315,3606
Reliez Valley,CA,California,Contra Costa,37.9399,-122.1027,3575
Hoopa,CA,California,Humboldt,41.0802,-123.6972,3573
Pajaro,CA,California,Monterey,36.9016,-121.7417,3561
Meiners Oaks,CA,California,Ventura,34.4505,-119.2731,3508
Mono Vista,CA,California,Tuolumne,38.0124,-120.2697,3504
Auburn Lake Trails,CA,California,El Dorado,38.8917,-120.9849,3499
Campo,CA,California,San Diego,32.6394,-116.4745,3482
Meadow Vista,CA,California,Placer,39.003,-121.0304,3460
Lake Isabella,CA,California,Kern,35.6378,-118.4819,3454
Squaw Valley,CA,California,Fresno,36.6944,-119.2,3449
Day Valley,CA,California,Santa Cruz,37.0255,-121.8559,3439
Valley Springs,CA,California,Calaveras,38.1837,-120.815,3428
Monte Sereno,CA,California,Santa Clara,37.2404,-121.9882,3427
Angwin,CA,California,Napa,38.5776,-122.4513,3424
El Verano,CA,California,Sonoma,38.2975,-122.4915,3424
Oakhurst,CA,California,Madera,37.3342,-119.6483,3424
Lockeford,CA,California,San Joaquin,38.1509,-121.1554,3390
Tarpey Village,CA,California,Fresno,36.7941,-119.7012,3390
Hidden Meadows,CA,California,San Diego,33.2236,-117.1198,3386
Vandenberg AFB,CA,California,Santa Barbara,34.7483,-120.5182,3379
Cabazon,CA,California,Riverside,33.9127,-116.7828,3367
Casa Conejo,CA,California,Ventura,34.1847,-118.9445,3366
Loyola,CA,California,Santa Clara,37.3502,-122.098,3364
East Oakdale,CA,California,Stanislaus,37.7854,-120.8007,3344
Desert Edge,CA,California,Riverside,33.9223,-116.4401,3343
Kelseyville,CA,California,Lake,38.9704,-122.8327,3332
Goshen,CA,California,Tulare,36.3518,-119.421,3316
Terra Bella,CA,California,Tulare,35.9567,-119.0328,3304
Cottonwood,CA,California,Shasta,40.3904,-122.2861,3289
Lake California,CA,California,Tehama,40.3608,-122.2102,3281
Morongo Valley,CA,California,San Bernardino,34.0724,-116.5627,3262
Weaverville,CA,California,Trinity,40.7488,-122.9274,3240
Tipton,CA,California,Tulare,36.0585,-119.313,3218
East Richmond Heights,CA,California,Contra Costa,37.945,-122.314,3214
Colfax,CA,California,Placer,39.0938,-120.9533,3205
Seacliff,CA,California,Santa Cruz,36.977,-121.9176,3201
South Oroville,CA,California,Butte,39.4767,-121.5439,3181
Santa Rosa Valley,CA,California,Ventura,34.2453,-118.9023,3180
Marin City,CA,California,Marin,37.8711,-122.5137,3173
Anza,CA,California,Riverside,33.5679,-116.6967,3151
Nevada City,CA,California,Nevada,39.2607,-121.0231,3148
Pine Hills,CA,California,Humboldt,40.7313,-124.1551,3146
North Lakeport,CA,California,Lake,39.0883,-122.9054,3141
Coronita,CA,California,Riverside,33.876,-117.6109,3138
Rollingwood,CA,California,Contra Costa,37.9655,-122.3305,3110
Crockett,CA,California,Contra Costa,38.0519,-122.2201,3094
Cambrian Park,CA,California,Santa Clara,37.2563,-121.9287,3094
Loma Rica,CA,California,Yuba,39.3204,-121.4038,3088
San Andreas,CA,California,Calaveras,38.1911,-120.6763,3085
Ridgemark,CA,California,San Benito,36.8082,-121.3623,3062
San Antonio Heights,CA,California,San Bernardino,34.1571,-117.6592,3034
Meadowbrook,CA,California,Riverside,33.7253,-117.2851,3033
Cutten,CA,California,Humboldt,40.7657,-124.1446,3029
Montalvin Manor,CA,California,Contra Costa,37.9977,-122.33,3023
Oasis,CA,California,Riverside,33.5275,-116.1261,3020
Bonny Doon,CA,California,Santa Cruz,37.0435,-122.1369,3009
Val Verde,CA,California,Los Angeles,34.4504,-118.6717,2996
Sutter,CA,California,Sutter,39.1556,-121.7492,2994
San Miguel,CA,California,Contra Costa,37.8867,-122.0368,2993
Vista Santa Rosa,CA,California,Riverside,33.6227,-116.2126,2967
Yountville,CA,California,Napa,38.3963,-122.3671,2966
Penngrove,CA,California,Sonoma,38.3005,-122.6707,2961
Lucerne,CA,California,Lake,39.0697,-122.776,2956
Winchester,CA,California,Riverside,33.7146,-117.0775,2931
La Selva Beach,CA,California,Santa Cruz,36.9276,-121.8445,2917
Strathmore,CA,California,Tulare,36.1438,-119.0611,2915
Hartley,CA,California,Solano,38.4203,-121.9521,2907
Fairbanks Ranch,CA,California,San Diego,32.9919,-117.1859,2901
North Shore,CA,California,Riverside,33.5157,-115.9092,2892
Lake Nacimiento,CA,California,San Luis Obispo,35.7309,-120.8702,2884
Channel Islands Beach,CA,California,Ventura,34.1586,-119.2231,2864
Kings Beach,CA,California,Placer,39.249,-120.0201,2833
Granite Hills,CA,California,San Diego,32.8033,-116.9056,2833
Amesti,CA,California,Santa Cruz,36.9583,-121.7805,2832
Caruthers,CA,California,Fresno,36.5399,-119.845,2773
Dixon Lane-Meadow Creek,CA,California,Inyo,37.3864,-118.4152,2760
Mission Canyon,CA,California,Santa Barbara,34.4534,-119.7125,2755
Crest,CA,California,San Diego,32.8,-116.8671,2746
Weed,CA,California,Siskiyou,41.4128,-122.3816,2725
Homestead Valley,CA,California,San Bernardino,34.273,-116.4145,2723
Montara,CA,California,San Mateo,37.5482,-122.4924,2692
Cayucos,CA,California,San Luis Obispo,35.4375,-120.8847,2692
Jamestown,CA,California,Tuolumne,37.9574,-120.411,2687
Kelly Ridge,CA,California,Butte,39.5289,-121.4662,2679
Pine Mountain Lake,CA,California,Tuolumne,37.8599,-120.1843,2671
Georgetown,CA,California,El Dorado,38.9112,-120.8356,2668
West Bishop,CA,California,Inyo,37.3571,-118.4542,2661
Collierville,CA,California,San Joaquin,38.2141,-121.2675,2642
Alturas,CA,California,Modoc,41.4898,-120.5516,2638
Dogtown,CA,California,San Joaquin,38.2096,-121.1551,2629
East Quincy,CA,California,Plumas,39.9165,-120.9189,2622
Sutter Creek,CA,California,Amador,38.3827,-120.8107,2622
Bayview,CA,California,Humboldt,40.7654,-124.1787,2617
Bella Vista,CA,California,Shasta,40.6502,-122.245,2614
Rose Hills,CA,California,Los Angeles,34.009,-118.0419,2612
Richgrove,CA,California,Tulare,35.7966,-119.1069,2611
Arnold,CA,California,Calaveras,38.2423,-120.3547,2605
Lexington Hills,CA,California,Santa Clara,37.1616,-121.9879,2603
Rancho Santa Fe,CA,California,San Diego,33.024,-117.1992,2591
Edwards AFB,CA,California,Kern,34.9045,-117.9295,2571
Frazier Park,CA,California,Kern,34.8123,-118.9542,2570
Lakeview,CA,California,Riverside,33.8285,-117.1233,2566
Aromas,CA,California,San Benito,36.8771,-121.6404,2553
Twain Harte,CA,California,Tuolumne,38.0384,-120.234,2523
Santa Nella,CA,California,Merced,37.1014,-121.0153,2508
Desert View Highlands,CA,California,Los Angeles,34.5901,-118.1535,2496
Parksdale,CA,California,Madera,36.9465,-120.0212,2493
Auberry,CA,California,Fresno,37.0755,-119.4901,2476
Ahwahnee,CA,California,Madera,37.3652,-119.7194,2461
Idyllwild-Pine Cove,CA,California,Riverside,33.7443,-116.7257,2459
Ross,CA,California,Marin,37.9638,-122.5615,2451
Poplar-Cotton Center,CA,California,Tulare,36.0564,-119.1493,2436
Sky Valley,CA,California,Riverside,33.8912,-116.3551,2430
Taft Heights,CA,California,Kern,35.1337,-119.4711,2424
Hayfork,CA,California,Trinity,40.561,-123.1299,2421
Rouse,CA,California,Stanislaus,37.6196,-121.0084,2420
Three Rivers,CA,California,Tulare,36.4319,-118.8806,2397
Nice,CA,California,Lake,39.1266,-122.8526,2393
Bell Canyon,CA,California,Ventura,34.2081,-118.6876,2391
Corralitos,CA,California,Santa Cruz,36.9941,-121.7892,2381
Patterson Tract,CA,California,Tulare,36.3795,-119.2956,2351
Brookdale,CA,California,Santa Cruz,37.1058,-122.1106,2345
Portola,CA,California,Plumas,39.8241,-120.4733,2313
Boron,CA,California,Kern,35.0164,-117.6659,2312
Pine Canyon,CA,California,Monterey,36.1757,-121.1498,2294
Soulsbyville,CA,California,Tuolumne,37.9917,-120.2617,2286
Clearlake Oaks,CA,California,Lake,39.0218,-122.6593,2279
Shingletown,CA,California,Shasta,40.5035,-121.86,2272
Westmorland,CA,California,Imperial,33.0389,-115.6223,2254
Borrego Springs,CA,California,San Diego,33.241,-116.3571,2252
Buckhorn,CA,California,Amador,38.4532,-120.5354,2246
Weedpatch,CA,California,Kern,35.2369,-118.9123,2238
Romoland,CA,California,Riverside,33.7648,-117.1572,2227
Hamilton City,CA,California,Glenn,39.7422,-122.0125,2224
Columbia,CA,California,Tuolumne,38.0333,-120.4097,2217
Easton,CA,California,Fresno,36.6524,-119.7908,2206
Sleepy Hollow,CA,California,Marin,38.012,-122.5877,2200
East Sonora,CA,California,Tuolumne,37.9777,-120.341,2189
Weldon,CA,California,Kern,35.6431,-118.3103,2181
Laton,CA,California,Fresno,36.4338,-119.6916,2166
Chester,CA,California,Plumas,40.3017,-121.2339,2116
San Juan Bautista,CA,California,San Benito,36.8455,-121.538,2104
Belvedere,CA,California,Marin,37.8735,-122.4662,2104
Murphys,CA,California,Calaveras,38.1447,-120.4348,2100
Bertsch-Oceanview,CA,California,Del Norte,41.7524,-124.1594,2042
Piru,CA,California,Ventura,34.4075,-118.7999,2019
Bethel Island,CA,California,Contra Costa,38.0288,-121.6404,2010
Rainbow,CA,California,San Diego,33.4098,-117.1395,1994
Aptos Hills-Larkin Valley,CA,California,Santa Cruz,36.9606,-121.8341,1993
Calwa,CA,California,Fresno,36.7136,-119.7607,1974
Wofford Heights,CA,California,Kern,35.7127,-118.4732,1973
China Lake Acres,CA,California,Kern,35.6387,-117.7667,1947
Lost Hills,CA,California,Kern,35.6254,-119.6789,1943
San Pasqual,CA,California,Los Angeles,34.1393,-118.1027,1932
Red Corral,CA,California,Amador,38.4116,-120.6056,1930
Rancho Tehama Reserve,CA,California,Tehama,40.001,-122.4418,1922
Warm Springs,CA,California,Riverside,33.7067,-117.3344,1903
Quincy,CA,California,Plumas,39.931,-120.9548,1895
Elizabeth Lake,CA,California,Los Angeles,34.659,-118.3783,1895
Hidden Hills,CA,California,Los Angeles,34.1637,-118.6612,1890
Biggs,CA,California,Butte,39.4102,-121.7133,1879
Graton,CA,California,Sonoma,38.4376,-122.866,1877
Fairmead,CA,California,Madera,37.0775,-120.1937,1876
London,CA,California,Tulare,36.481,-119.444,1854
Parkwood,CA,California,Madera,36.9293,-120.0482,1853
Woodville,CA,California,Tulare,36.0898,-119.205,1852
Los Molinos,CA,California,Tehama,40.027,-122.0981,1845
Rolling Hills,CA,California,Los Angeles,33.76,-118.3471,1845
Lone Pine,CA,California,Inyo,36.5774,-118.0777,1837
Lake Sherwood,CA,California,Ventura,34.1339,-118.8804,1835
Shasta,CA,California,Shasta,40.591,-122.4797,1804
Pine Mountain Club,CA,California,Kern,34.8446,-119.1669,1803
Lebec,CA,California,Kern,34.845,-118.8992,1802
Camino,CA,California,El Dorado,38.7412,-120.6815,1799
Linden,CA,California,San Joaquin,38.0186,-121.0994,1790
Littlerock,CA,California,Los Angeles,34.5232,-117.9809,1766
Woodlands,CA,California,San Luis Obispo,35.0289,-120.5524,1743
Toro Canyon,CA,California,Santa Barbara,34.4235,-119.5568,1735
Los Ranchos,CA,California,San Luis Obispo,35.2102,-120.6291,1730
Pine Grove,CA,California,Amador,38.4074,-120.6606,1730
Le Grand,CA,California,Merced,37.2288,-120.254,1726
Monument Hills,CA,California,Yolo,38.6641,-121.8756,1700
Seeley,CA,California,Imperial,32.7899,-115.6842,1699
South Dos Palos,CA,California,Merced,36.9707,-120.6467,1682
Pine Valley,CA,California,San Diego,32.8415,-116.5107,1669
Black Point-Green Point,CA,California,Marin,38.112,-122.5191,1655
Del Rey Oaks,CA,California,Monterey,36.5929,-121.8381,1654
Searles Valley,CA,California,San Bernardino,35.7701,-117.3967,1646
Descanso,CA,California,San Diego,32.8696,-116.6279,1644
Coarsegold,CA,California,Madera,37.2526,-119.7,1643
Home Garden,CA,California,Kings,36.3025,-119.6362,1643
Los Alamos,CA,California,Santa Barbara,34.7375,-120.2783,1623
Lower Lake,CA,California,Lake,38.9119,-122.6085,1595
Buttonwillow,CA,California,Kern,35.4092,-119.4406,1591
Callender,CA,California,San Luis Obispo,35.048,-120.5759,1583
Leona Valley,CA,California,Los Angeles,34.6147,-118.299,1581
Tuolumne City,CA,California,Tuolumne,37.9615,-120.2428,1577
Green Valley,CA,California,Solano,38.2607,-122.1622,1572
Big Pine,CA,California,Inyo,37.1655,-118.2952,1568
Temelec,CA,California,Sonoma,38.2577,-122.4982,1564
Dunsmuir,CA,California,Siskiyou,41.2318,-122.2714,1564
Foresthill,CA,California,Placer,39.0053,-120.8314,1546
Westwood,CA,California,Lassen,40.3049,-121.0045,1545
Willow Creek,CA,California,Humboldt,40.9385,-123.6412,1539
South Taft,CA,California,Kern,35.1293,-119.4575,1526
Forest Meadows,CA,California,Calaveras,38.1664,-120.4052,1516
Lagunitas-Forest Knolls,CA,California,Marin,38.018,-122.6914,1504
Knightsen,CA,California,Contra Costa,37.9633,-121.6511,1500
Del Rey,CA,California,Fresno,36.6562,-119.5993,1498
Colma,CA,California,San Mateo,37.6767,-122.4526,1489
Ladera,CA,California,San Mateo,37.3996,-122.199,1465
Biola,CA,California,Fresno,36.8006,-120.0199,1451
Irwindale,CA,California,Los Angeles,34.1121,-117.9636,1446
Pioneer,CA,California,Amador,38.4354,-120.5848,1443
Chualar,CA,California,Monterey,36.5711,-121.5103,1442
Penn Valley,CA,California,Nevada,39.1954,-121.1942,1424
Montague,CA,California,Siskiyou,41.7276,-122.5304,1398
Midpines,CA,California,Mariposa,37.5531,-119.9485,1396
Kettleman City,CA,California,Kings,36.009,-119.9627,1395
Bodfish,CA,California,Kern,35.5765,-118.4764,1384
Redwood Valley,CA,California,Mendocino,39.269,-123.2023,1376
Allendale,CA,California,Solano,38.4426,-121.9814,1362
Thermal,CA,California,Riverside,33.6262,-116.1308,1359
Herlong,CA,California,Lassen,40.1419,-120.1399,1353
Ferndale,CA,California,Humboldt,40.5799,-124.2619,1352
Eldridge,CA,California,Sonoma,38.3339,-122.5065,1351
Mariposa,CA,California,Mariposa,37.4873,-119.9682,1351
Byron,CA,California,Contra Costa,37.8756,-121.642,1348
Lewiston,CA,California,Trinity,40.6969,-122.8225,1340
Malaga,CA,California,Fresno,36.6816,-119.7318,1337
Mountain Ranch,CA,California,Calaveras,38.2509,-120.5119,1306
Woodacre,CA,California,Marin,38.0052,-122.6384,1303
Riverdale Park,CA,California,Stanislaus,37.6028,-121.0425,1301
Walnut Grove,CA,California,Sacramento,38.2478,-121.528,1300
Tahoe Vista,CA,California,Placer,39.2483,-120.0535,1288
Shell Ridge,CA,California,Contra Costa,37.906,-122.0345,1281
Dunnigan,CA,California,Yolo,38.8926,-121.9741,1278
Janesville,CA,California,Lassen,40.2809,-120.5335,1278
Avila Beach,CA,California,San Luis Obispo,35.1969,-120.7191,1273
Gerber,CA,California,Tehama,40.0614,-122.1482,1259
Santa Margarita,CA,California,San Luis Obispo,35.3893,-120.6084,1252
Sheridan,CA,California,Placer,38.969,-121.3559,1250
Blue Lake,CA,California,Humboldt,40.8813,-123.9931,1245
Berry Creek,CA,California,Butte,39.6314,-121.4052,1241
Mountain Mesa,CA,California,Kern,35.6411,-118.4047,1236
Del Rio,CA,California,Stanislaus,37.7432,-121.0091,1235
Grayson,CA,California,Stanislaus,37.565,-121.1794,1224
Sunnyside-Tahoe City,CA,California,Placer,39.1504,-120.1613,1222
Airport,CA,California,Stanislaus,37.6324,-120.9774,1222
Saticoy,CA,California,Ventura,34.2819,-119.1452,1201
Redway,CA,California,Humboldt,40.1209,-123.822,1199
Maricopa,CA,California,Kern,35.0516,-119.4054,1192
Johnstonville,CA,California,Lassen,40.3789,-120.5846,1185
Laytonville,CA,California,Mendocino,39.6715,-123.4945,1175
Newcastle,CA,California,Placer,38.8677,-121.1318,1167
Covelo,CA,California,Mendocino,39.8025,-123.2499,1165
Sea Ranch,CA,California,Sonoma,38.7165,-123.4527,1161
Squirrel Mountain Valley,CA,California,Kern,35.6176,-118.4046,1159
Monte Rio,CA,California,Sonoma,38.4683,-123.0147,1156
Palo Cedro,CA,California,Shasta,40.5511,-122.2363,1151
Elkhorn,CA,California,Monterey,36.8103,-121.7212,1151
March ARB,CA,California,Riverside,33.8888,-117.2776,1150
Big River,CA,California,San Bernardino,34.1393,-114.3604,1145
Castle Hill,CA,California,Contra Costa,37.8729,-122.0573,1145
Pala,CA,California,San Diego,33.3617,-117.0696,1143
Shandon,CA,California,San Luis Obispo,35.6536,-120.3831,1141
Matheny,CA,California,Tulare,36.1707,-119.3516,1134
Mi-Wuk Village,CA,California,Tuolumne,38.057,-120.179,1133
Inverness,CA,California,Marin,38.082,-122.8471,1127
Garberville,CA,California,Humboldt,40.1003,-123.7948,1126
Yosemite Valley,CA,California,Mariposa,37.7407,-119.5779,1110
Greenville,CA,California,Plumas,40.1336,-120.9454,1108
Maxwell,CA,California,Colusa,39.2771,-122.1946,1096
Grizzly Flats,CA,California,El Dorado,38.6357,-120.5355,1087
Hasley Canyon,CA,California,Los Angeles,34.4817,-118.6665,1085
Westhaven-Moonstone,CA,California,Humboldt,41.0447,-124.1023,1084
Clay,CA,California,Sacramento,38.314,-121.1596,1083
Parklawn,CA,California,Stanislaus,37.6069,-120.9793,1082
Bolinas,CA,California,Marin,37.9177,-122.7095,1077
Plymouth,CA,California,Amador,38.4776,-120.8584,1076
Alpaugh,CA,California,Tulare,35.8876,-119.4873,1074
Minkler,CA,California,Fresno,36.7277,-119.4587,1074
McCloud,CA,California,Siskiyou,41.254,-122.136,1072
Bradbury,CA,California,Los Angeles,34.1536,-117.9684,1070
Boronda,CA,California,Monterey,36.6947,-121.6745,1066
Wallace,CA,California,Calaveras,38.1978,-120.9586,1063
Herald,CA,California,Sacramento,38.2913,-121.2318,1058
Upper Lake,CA,California,Lake,39.1653,-122.9052,1050
Santa Susana,CA,California,Ventura,34.258,-118.6662,1050
Lake Riverside,CA,California,Riverside,33.5173,-116.8107,1049
Beale AFB,CA,California,Yuba,39.1095,-121.3543,1039
Thornton,CA,California,San Joaquin,38.231,-121.425,1038
Cedar Ridge,CA,California,Tuolumne,38.0661,-120.2737,1037
West Park,CA,California,Fresno,36.7055,-119.8516,1035
Lake Don Pedro,CA,California,Mariposa,37.6461,-120.3367,1030
Sultana,CA,California,Tulare,36.5464,-119.3359,1030
Camanche North Shore,CA,California,Amador,38.2442,-120.9538,1029
Teviston,CA,California,Tulare,35.929,-119.2783,1027
Pasatiempo,CA,California,Santa Cruz,37.0035,-122.0265,1018
Kernville,CA,California,Kern,35.7531,-118.4321,1007
Chalfant,CA,California,Mono,37.5105,-118.375,999
Mount Hermon,CA,California,Santa Cruz,37.0511,-122.0533,998
Cohasset,CA,California,Butte,39.9022,-121.7453,990
Norris Canyon,CA,California,Contra Costa,37.7454,-121.9878,987
East Tulare Villa,CA,California,Tulare,36.2035,-119.2821,980
Hydesville,CA,California,Humboldt,40.5579,-124.0822,978
Tulelake,CA,California,Siskiyou,41.9534,-121.4752,978
Whitewater,CA,California,Riverside,33.9356,-116.6873,976
Sunol,CA,California,Alameda,37.5894,-121.8854,962
East Orosi,CA,California,Tulare,36.5481,-119.2599,955
Taft Mosswood,CA,California,San Joaquin,37.9139,-121.2831,951
North Edwards,CA,California,Kern,35.0474,-117.8093,944
Tuttletown,CA,California,Tuolumne,38.0003,-120.4503,941
Soda Bay,CA,California,Lake,39.0024,-122.7794,941
Zayante,CA,California,Santa Cruz,37.0889,-122.0414,939
Silverado Resort,CA,California,Napa,38.3536,-122.2556,937
Butte Creek Canyon,CA,California,Butte,39.749,-121.6968,931
Julian,CA,California,San Diego,33.0735,-116.5889,930
Geyserville,CA,California,Sonoma,38.7173,-122.9034,928
Penryn,CA,California,Placer,38.8478,-121.1699,925
Summerland,CA,California,Santa Barbara,34.4255,-119.5893,923
Hopland,CA,California,Mendocino,38.9691,-123.1173,921
Fieldbrook,CA,California,Humboldt,40.9722,-124.025,921
Talmage,CA,California,Mendocino,39.1314,-123.1648,921
Cobb,CA,California,Lake,38.8356,-122.723,920
Deer Park,CA,California,Napa,38.536,-122.4679,906
Fruitdale,CA,California,Santa Clara,37.3116,-121.9357,899
Dorris,CA,California,Siskiyou,41.9644,-121.9205,897
Blacklake,CA,California,San Luis Obispo,35.0497,-120.5387,892
Acalanes Ridge,CA,California,Contra Costa,37.9046,-122.0786,889
Crowley Lake,CA,California,Mono,37.5692,-118.7465,889
Lompico,CA,California,Santa Cruz,37.1101,-122.0523,887
Tonyville,CA,California,Tulare,36.2474,-119.0903,881
Stratford,CA,California,Kings,36.1884,-119.8224,878
Springville,CA,California,Tulare,36.1168,-118.8345,872
Knights Landing,CA,California,Yolo,38.7979,-121.7175,869
Tahoma,CA,California,Placer,39.0633,-120.1438,867
Challenge-Brownsville,CA,California,Yuba,39.4646,-121.2632,864
Plainview,CA,California,Tulare,36.1423,-119.1375,863
Walker,CA,California,Mono,38.5341,-119.4582,863
Boonville,CA,California,Mendocino,39.0115,-123.374,852
Isleton,CA,California,Sacramento,38.1617,-121.6051,844
Fuller Acres,CA,California,Kern,35.3023,-118.9143,841
Diablo Grande,CA,California,Stanislaus,37.4006,-121.2699,841
Tranquillity,CA,California,Fresno,36.648,-120.2525,839
Westley,CA,California,Stanislaus,37.5444,-121.2035,838
Aguanga,CA,California,Riverside,33.4522,-116.8555,835
Manila,CA,California,Humboldt,40.8513,-124.1631,834
Occidental,CA,California,Sonoma,38.4004,-122.9349,833
Los Olivos,CA,California,Santa Barbara,34.6647,-120.118,831
Fort Dick,CA,California,Del Norte,41.8663,-124.1526,830
Rough and Ready,CA,California,Nevada,39.234,-121.1381,828
Caspar,CA,California,Mendocino,39.3631,-123.8044,812
Happy Camp,CA,California,Siskiyou,41.8104,-123.3892,810
McClellan Park,CA,California,Sacramento,38.6631,-121.4015,809
Cleone,CA,California,Mendocino,39.4927,-123.7812,804
Kenwood,CA,California,Sonoma,38.4153,-122.5387,800
Mountain Gate,CA,California,Shasta,40.7184,-122.3262,794
Catheys Valley,CA,California,Mariposa,37.4371,-120.0936,794
Dollar Point,CA,California,Placer,39.1905,-120.1089,786
Fort Washington,CA,California,Fresno,36.8793,-119.7613,783
Mendocino,CA,California,Mendocino,39.311,-123.7908,782
Lake of the Woods,CA,California,Kern,34.8226,-119.0027,768
Bootjack,CA,California,Mariposa,37.4672,-119.8887,768
Alto,CA,California,Marin,37.9056,-122.5186,765
New Cuyama,CA,California,Santa Barbara,34.9421,-119.6808,763
Middletown,CA,California,Lake,38.7518,-122.6221,757
Concow,CA,California,Butte,39.7733,-121.5196,743
Inyokern,CA,California,Kern,35.6546,-117.8212,740
Traver,CA,California,Tulare,36.4526,-119.4824,740
Alhambra Valley,CA,California,Contra Costa,37.9665,-122.132,739
Bodega Bay,CA,California,Sonoma,38.325,-123.0308,733
Glen Ellen,CA,California,Sonoma,38.3564,-122.5412,727
Lytle Creek,CA,California,San Bernardino,34.2499,-117.5044,724
Waterloo,CA,California,San Joaquin,38.0365,-121.1846,719
Etna,CA,California,Siskiyou,41.4582,-122.8946,718
La Honda,CA,California,San Mateo,37.3182,-122.2651,711
Indio Hills,CA,California,Riverside,33.8411,-116.2484,708
Loyalton,CA,California,Sierra,39.6768,-120.2448,702
Fort Jones,CA,California,Siskiyou,41.6085,-122.8411,692
Seville,CA,California,Tulare,36.4856,-119.2247,691
Junction City,CA,California,Trinity,40.7274,-123.0615,688
Greeley Hill,CA,California,Mariposa,37.7569,-120.1291,687
Indianola,CA,California,Humboldt,40.8133,-124.0808,686
Linnell Camp,CA,California,Tulare,36.3089,-119.2225,686
Millville,CA,California,Shasta,40.5576,-122.1696,682
Loleta,CA,California,Humboldt,40.6409,-124.2225,676
Clyde,CA,California,Contra Costa,38.0253,-122.0278,676
Cold Springs,CA,California,El Dorado,38.7468,-120.8761,675
Coloma,CA,California,El Dorado,38.8026,-120.8946,673
Miranda,CA,California,Humboldt,40.2289,-123.8173,672
Douglas City,CA,California,Trinity,40.6636,-122.9261,668
Smith Corner,CA,California,Kern,35.4788,-119.2771,664
Dobbins,CA,California,Yuba,39.3657,-121.2127,662
Tres Pinos,CA,California,San Benito,36.7904,-121.3105,662
Delft Colony,CA,California,Tulare,36.512,-119.4465,653
Ducor,CA,California,Tulare,35.8943,-119.0456,651
Mokelumne Hill,CA,California,Calaveras,38.3057,-120.7061,637
Smith River,CA,California,Del Norte,41.9249,-124.1494,632
Potrero,CA,California,San Diego,32.6131,-116.6068,625
Doyle,CA,California,Lassen,40.0275,-120.1172,622
Gasquet,CA,California,Del Norte,41.8429,-123.9733,620
Camanche Village,CA,California,Amador,38.2662,-120.9866,620
Desert Shores,CA,California,Imperial,33.4041,-116.0394,619
Klamath,CA,California,Del Norte,41.5322,-124.0063,617
Lakehead,CA,California,Shasta,40.9007,-122.3924,617
Valley Acres,CA,California,Kern,35.2087,-119.4106,617
Hamilton Branch,CA,California,Plumas,40.2772,-121.0961,612
River Pines,CA,California,Amador,38.5454,-120.7475,607
Baker,CA,California,San Bernardino,35.2769,-116.0718,607
Patton Village,CA,California,Lassen,40.1401,-120.1778,604
Lockwood,CA,California,Monterey,35.9412,-121.0802,604
Peters,CA,California,San Joaquin,37.9763,-121.044,604
Scotia,CA,California,Humboldt,40.4774,-124.1032,602
Graeagle,CA,California,Plumas,39.7572,-120.6486,596
Dustin Acres,CA,California,Kern,35.2159,-119.375,590
Onyx,CA,California,Kern,35.6839,-118.2102,588
Lake Hughes,CA,California,Los Angeles,34.6833,-118.4588,587
Grangeville,CA,California,Kings,36.3439,-119.7075,586
Mesa Verde,CA,California,Riverside,33.5957,-114.7317,584
San Simeon,CA,California,San Luis Obispo,35.6182,-121.1375,583
West Point,CA,California,Calaveras,38.4043,-120.5374,571
Cowan,CA,California,Stanislaus,37.5601,-120.9888,570
West Goshen,CA,California,Tulare,36.349,-119.4516,567
Fulton,CA,California,Sonoma,38.4937,-122.7734,566
Hickman,CA,California,Stanislaus,37.6228,-120.7532,566
Madison,CA,California,Yolo,38.675,-121.9702,563
Calpella,CA,California,Mendocino,39.2322,-123.197,562
Avery,CA,California,Calaveras,38.1939,-120.379,559
North Gate,CA,California,Contra Costa,37.9062,-121.9981,559
Stinson Beach,CA,California,Marin,37.9051,-122.6456,556
San Ardo,CA,California,Monterey,36.0237,-120.9074,554
Friant,CA,California,Fresno,36.9848,-119.713,548
Paradise Park,CA,California,Santa Cruz,37.0063,-122.0425,543
Independence,CA,California,Inyo,36.8274,-118.2132,542
Los Berros,CA,California,San Luis Obispo,35.0809,-120.545,541
Forest Ranch,CA,California,Butte,39.8952,-121.6705,538
Courtland,CA,California,Sacramento,38.3329,-121.557,537
Round Valley,CA,California,Inyo,37.4067,-118.5819,533
Allensworth,CA,California,Tulare,35.8498,-119.3893,527
Buena Vista,CA,California,Amador,38.2974,-120.9179,526
Coleville,CA,California,Mono,38.5834,-119.516,515
Niland,CA,California,Imperial,33.2387,-115.5146,515
Delleker,CA,California,Plumas,39.8101,-120.4969,514
Edmundson Acres,CA,California,Kern,35.2273,-118.8233,514
Butte Valley,CA,California,Butte,39.6571,-121.6363,510
June Lake,CA,California,Mono,37.7677,-119.1022,508
Shelter Cove,CA,California,Humboldt,40.0389,-124.0558,501
Bass Lake,CA,California,Madera,37.328,-119.5668,500
Shaver Lake,CA,California,Fresno,37.0971,-119.3245,498
Canby,CA,California,Modoc,41.4477,-120.8843,497
California Pines,CA,California,Modoc,41.4117,-120.6605,488
Alta,CA,California,Placer,39.2138,-120.8033,485
Grenada,CA,California,Siskiyou,41.6406,-122.526,477
Ballard,CA,California,Santa Barbara,34.634,-120.1156,473
Bodega,CA,California,Sonoma,38.3488,-122.9712,473
San Lucas,CA,California,Monterey,36.1283,-121.0217,472
San Geronimo,CA,California,Marin,38.0068,-122.6634,466
Bridgeport,CA,California,Mono,38.2562,-119.2123,464
Carnelian Bay,CA,California,Placer,39.2346,-120.0767,463
Bend,CA,California,Tehama,40.2561,-122.2095,457
Point Arena,CA,California,Mendocino,38.9123,-123.6955,449
Boulevard,CA,California,San Diego,32.664,-116.2896,445
Victor,CA,California,San Joaquin,38.1385,-121.1987,444
Clarksburg,CA,California,Yolo,38.4193,-121.5416,442
Yettem,CA,California,Tulare,36.4866,-119.2549,441
French Gulch,CA,California,Shasta,40.7166,-122.6312,441
Lindcove,CA,California,Tulare,36.3595,-119.0721,438
Potter Valley,CA,California,Mendocino,39.319,-123.1123,437
Hiouchi,CA,California,Del Norte,41.7936,-124.0662,433
Mad River,CA,California,Trinity,40.4325,-123.4917,432
Wilkerson,CA,California,Inyo,37.2794,-118.3877,431
Keswick,CA,California,Shasta,40.6135,-122.4606,430
Yolo,CA,California,Yolo,38.7405,-121.8093,429
Nord,CA,California,Butte,39.774,-121.9549,426
Oak Glen,CA,California,San Bernardino,34.0448,-116.9497,420
Lake Almanor Peninsula,CA,California,Plumas,40.2812,-121.1345,416
Bombay Beach,CA,California,Imperial,33.3548,-115.7307,415
Terminous,CA,California,San Joaquin,38.1154,-121.4896,411
Ripley,CA,California,Riverside,33.5238,-114.6531,408
Rio Oso,CA,California,Sutter,38.9518,-121.531,406
Meridian,CA,California,Sutter,39.1404,-121.9079,405
Ballico,CA,California,Merced,37.4519,-120.7037,401
Sand City,CA,California,Monterey,36.6189,-121.8478,399
Raisin City,CA,California,Fresno,36.6033,-119.9092,389
Bloomfield,CA,California,Sonoma,38.3183,-122.8502,387
McArthur,CA,California,Shasta,41.0415,-121.4068,386
Spreckels,CA,California,Monterey,36.6247,-121.6465,385
Derby Acres,CA,California,Kern,35.2439,-119.6039,380
Monson,CA,California,Tulare,36.4927,-119.3358,380
Tehama,CA,California,Tehama,40.0218,-122.1269,373
Manton,CA,California,Tehama,40.4202,-121.854,372
Bangor,CA,California,Butte,39.3761,-121.4117,372
Centerville,CA,California,Fresno,36.7361,-119.4961,366
Diablo,CA,California,Contra Costa,37.8408,-121.9565,364
Mexican Colony,CA,California,Kern,35.4689,-119.2687,363
Meadow Valley,CA,California,Plumas,39.9322,-121.0831,362
Cedarville,CA,California,Modoc,41.528,-120.1748,360
Grimes,CA,California,Colusa,39.0742,-121.8988,358
Cressey,CA,California,Merced,37.421,-120.6556,356
Trinidad,CA,California,Humboldt,41.0589,-124.1434,355
Salton Sea Beach,CA,California,Imperial,33.3759,-116.0115,355
Garden Farms,CA,California,San Luis Obispo,35.4158,-120.614,345
Newell,CA,California,Modoc,41.8897,-121.3675,342
Burnt Ranch,CA,California,Trinity,40.811,-123.5082,338
Plumas Eureka,CA,California,Plumas,39.7982,-120.6645,333
Stevinson,CA,California,Merced,37.3247,-120.8497,331
Sierra Village,CA,California,Tuolumne,38.0768,-120.1624,330
Fiddletown,CA,California,Amador,38.5091,-120.7605,329
El Nido,CA,California,Merced,37.1324,-120.4985,328
North San Juan,CA,California,Nevada,39.3719,-121.106,328
Fields Landing,CA,California,Humboldt,40.7249,-124.2176,325
Robbins,CA,California,Sutter,38.8672,-121.7055,321
Clipper Mills,CA,California,Butte,39.5324,-121.1666,319
Nipinnawasee,CA,California,Madera,37.4031,-119.7293,319
Mesa,CA,California,Inyo,37.4189,-118.5424,317
Anchor Bay,CA,California,Mendocino,38.8126,-123.5704,314
Benton,CA,California,Mono,37.8189,-118.4844,313
Keene,CA,California,Kern,35.233,-118.6103,313
Tooleville,CA,California,Tulare,36.2878,-119.1154,309
Groveland,CA,California,Tuolumne,37.8325,-120.2394,307
Stirling City,CA,California,Butte,39.9065,-121.5361,307
Hood,CA,California,Sacramento,38.3693,-121.5155,303
Albion,CA,California,Mendocino,39.2256,-123.7564,302
Lake Almanor Country Club,CA,California,Plumas,40.2578,-121.147,302
Yankee Hill,CA,California,Butte,39.7007,-121.5147,301
Martell,CA,California,Amador,38.3623,-120.8039,300
Sierra Brooks,CA,California,Sierra,39.6426,-120.2153,299
Princeton,CA,California,Colusa,39.4029,-122.0212,297
Trowbridge,CA,California,Sutter,38.9264,-121.5148,296
Orick,CA,California,Humboldt,41.2909,-124.0692,296
Acampo,CA,California,San Joaquin,38.1735,-121.2798,294
Mineral,CA,California,Tehama,40.3755,-121.5694,292
Artois,CA,California,Glenn,39.6332,-122.1898,292
Monterey Park Tract,CA,California,Stanislaus,37.5268,-121.0115,291
Point Reyes Station,CA,California,Marin,38.0847,-122.8093,290
Cazadero,CA,California,Sonoma,38.5265,-123.0978,288
Crescent Mills,CA,California,Plumas,40.1008,-120.9217,287
Elmira,CA,California,Solano,38.3523,-121.9077,285
Samoa,CA,California,Humboldt,40.8146,-124.1893,284
Greenview,CA,California,Siskiyou,41.5471,-122.9185,283
Rail Road Flat,CA,California,Calaveras,38.3168,-120.491,283
Oak Shores,CA,California,San Luis Obispo,35.7624,-120.9817,282
Trinity Village,CA,California,Trinity,40.8789,-123.5133,279
Mesa Vista,CA,California,Alpine,38.8103,-119.8033,278
Crows Landing,CA,California,Stanislaus,37.3947,-121.0843,278
Cantua Creek,CA,California,Fresno,36.5001,-120.3164,273
Fall River Mills,CA,California,Shasta,41.0069,-121.4401,273
Richfield,CA,California,Tehama,39.9738,-122.1732,272
Weott,CA,California,Humboldt,40.3226,-123.9209,271
El Portal,CA,California,Mariposa,37.6736,-119.799,268
Lemon Cove,CA,California,Tulare,36.379,-119.0312,267
Davenport,CA,California,Santa Cruz,37.0176,-122.1882,264
Desert Center,CA,California,Riverside,33.7378,-115.3666,264
Pajaro Dunes,CA,California,Santa Cruz,36.8722,-121.8101,255
Greenhorn,CA,California,Plumas,39.903,-120.759,254
East Nicolaus,CA,California,Sutter,38.91,-121.5443,254
Tomales,CA,California,Marin,38.247,-122.9054,253
Cromberg,CA,California,Plumas,39.8684,-120.6904,253
Taylorsville,CA,California,Plumas,40.0586,-120.8387,244
Dos Palos Y,CA,California,Merced,37.0466,-120.6394,242
Muir Beach,CA,California,Marin,37.8654,-122.5858,242
La Vina,CA,California,Madera,36.8799,-120.1147,239
College City,CA,California,Colusa,39.0063,-122.0068,239
Lanare,CA,California,Fresno,36.4377,-119.9322,234
Topaz,CA,California,Mono,38.6587,-119.5274,234
Clear Creek,CA,California,Lassen,40.3023,-121.0531,226
Pescadero,CA,California,San Mateo,37.2507,-122.3725,226
Forbestown,CA,California,Butte,39.53,-121.2689,221
Dillon Beach,CA,California,Marin,38.2436,-122.956,219
Swall Meadows,CA,California,Mono,37.5061,-118.6426,218
Calpine,CA,California,Sierra,39.6633,-120.4436,216
Volta,CA,California,Merced,37.0875,-120.9235,216
Waukena,CA,California,Tulare,36.1361,-119.511,215
Hornbrook,CA,California,Siskiyou,41.9079,-122.5596,215
Beckwourth,CA,California,Plumas,39.8485,-120.4111,214
Olancha,CA,California,Inyo,36.2704,-118.0015,213
Three Rocks,CA,California,Fresno,36.5051,-120.3936,210
Vina,CA,California,Tehama,39.9343,-122.0518,210
Winterhaven,CA,California,Imperial,32.7372,-114.6378,210
Chinese Camp,CA,California,Tuolumne,37.8703,-120.4443,206
Dorrington,CA,California,Calaveras,38.2949,-120.2706,205
Bear Valley,CA,California,Mariposa,37.5671,-120.1229,203
Industry,CA,California,Los Angeles,34.0175,-117.9267,202
Jacumba,CA,California,San Diego,32.6278,-116.1826,202
Valley Home,CA,California,Stanislaus,37.8272,-120.9144,202
Adin,CA,California,Modoc,41.1964,-120.9494,201
Philo,CA,California,Mendocino,39.0657,-123.4452,201
Manchester,CA,California,Mendocino,38.9744,-123.6909,199
Wawona,CA,California,Mariposa,37.5482,-119.6395,196
Dutch Flat,CA,California,Placer,39.208,-120.8345,196
Bowles,CA,California,Fresno,36.6089,-119.7526,194
Cherokee Strip,CA,California,Kern,35.4698,-119.2617,191
Elk Creek,CA,California,Glenn,39.6002,-122.5376,191
Amador City,CA,California,Amador,38.419,-120.8232,190
Rackerby,CA,California,Butte,39.4261,-121.3542,189
Little River,CA,California,Mendocino,39.2703,-123.7817,189
Oakville,CA,California,Napa,38.4384,-122.4067,188
Big Creek,CA,California,Fresno,37.2036,-119.2486,188
Verdi,CA,California,Sierra,39.5237,-120.0164,187
Edna,CA,California,San Luis Obispo,35.2108,-120.606,186
Coffee Creek,CA,California,Trinity,41.0802,-122.7136,186
Tupman,CA,California,Kern,35.2987,-119.3575,186
Port Costa,CA,California,Contra Costa,38.0446,-122.185,186
Vallecito,CA,California,Calaveras,38.074,-120.4564,183
Westside,CA,California,Fresno,36.4042,-120.1341,182
Milford,CA,California,Lassen,40.1634,-120.3686,181
Fort Bidwell,CA,California,Modoc,41.8629,-120.1589,181
Litchfield,CA,California,Lassen,40.3877,-120.3809,178
Bieber,CA,California,Lassen,41.1251,-121.1336,178
Cassel,CA,California,Shasta,40.9213,-121.5514,176
Guinda,CA,California,Yolo,38.8275,-122.1985,175
Flournoy,CA,California,Tehama,39.9284,-122.4461,171
East Shore,CA,California,Plumas,40.2451,-121.0768,169
Pike,CA,California,Sierra,39.4278,-120.9996,167
Nicolaus,CA,California,Sutter,38.8981,-121.5729,166
Proberta,CA,California,Tehama,40.0762,-122.1776,165
Hyampom,CA,California,Trinity,40.6262,-123.4689,165
Hat Creek,CA,California,Shasta,40.8101,-121.4809,164
Whitley Gardens,CA,California,San Luis Obispo,35.6571,-120.5068,164
Smartsville,CA,California,Yuba,39.2053,-121.2928,163
Camptonville,CA,California,Yuba,39.4521,-121.0488,162
Benbow,CA,California,Humboldt,40.0603,-123.7654,161
Bluewater,CA,California,San Bernardino,34.176,-114.264,161
Trinity Center,CA,California,Trinity,40.9841,-122.7083,161
Garey,CA,California,Santa Barbara,34.8869,-120.3141,160
Bear Creek,CA,California,Merced,37.2966,-120.4177,157
Alderpoint,CA,California,Humboldt,40.1614,-123.6157,157
Alpine Village,CA,California,Alpine,38.7856,-119.8009,155
Sierra City,CA,California,Sierra,39.574,-120.6297,152
Moskowite Corner,CA,California,Riverside,38.4464,-122.1945,151
Timber Cove,CA,California,Sonoma,38.541,-123.259,149
Pine Flat,CA,California,Tulare,35.8737,-118.6427,149
Valley Ford,CA,California,Sonoma,38.3246,-122.9148,148
Sisquoc,CA,California,Santa Barbara,34.8622,-120.2943,148
Chilcoot-Vinton,CA,California,Plumas,39.8067,-120.1388,147
Tecopa,CA,California,Inyo,35.835,-116.2074,146
Fairhaven,CA,California,Humboldt,40.7885,-124.2013,145
Ruth,CA,California,Trinity,40.2943,-123.3483,145
Markleeville,CA,California,Alpine,38.6841,-119.8225,143
Cherokee,CA,California,Butte,39.6514,-121.5344,139
Johannesburg,CA,California,Kern,35.3718,-117.642,138
Mettler,CA,California,Kern,35.0635,-118.9729,138
Stonyford,CA,California,Colusa,39.3703,-122.5445,136
Honcut,CA,California,Butte,39.3326,-121.5388,135
Daphnedale Park,CA,California,Modoc,41.5089,-120.5507,135
Furnace Creek,CA,California,Inyo,36.4277,-116.8747,127
McKittrick,CA,California,Kern,35.2981,-119.6249,127
Lodoga,CA,California,Colusa,39.3041,-122.5058,126
Lake Almanor West,CA,California,Plumas,40.2336,-121.2021,126
Big Lagoon,CA,California,Humboldt,41.1592,-124.1303,118
Downieville,CA,California,Sierra,39.5701,-120.8213,114
Loma Mar,CA,California,San Mateo,37.2658,-122.3007,114
Round Mountain,CA,California,Shasta,40.8005,-121.9376,112
Casmalia,CA,California,Santa Barbara,34.8376,-120.5311,111
Vernon,CA,California,Los Angeles,34.0019,-118.2106,110
Spaulding,CA,California,Lassen,40.6557,-120.7863,110
Bradley,CA,California,Monterey,35.8628,-120.8042,107
Nicasio,CA,California,Marin,38.0605,-122.7008,106
Paskenta,CA,California,Tehama,39.8833,-122.5458,105
Macdoel,CA,California,Siskiyou,41.8258,-122.0058,105
Monmouth,CA,California,Fresno,36.5656,-119.7405,103
Sierraville,CA,California,Sierra,39.575,-120.3637,103
Snelling,CA,California,Merced,37.5216,-120.4387,101
Richvale,CA,California,Butte,39.4937,-121.7507,99
Mono City,CA,California,Mono,38.0412,-119.1467,98
C-Road,CA,California,Plumas,39.7628,-120.577,97
Big Bend,CA,California,Shasta,41.0109,-121.924,96
Long Barn,CA,California,Tuolumne,38.0957,-120.1285,93
Fish Camp,CA,California,Mariposa,37.4797,-119.6373,90
Farmington,CA,California,San Joaquin,37.9299,-121.0043,89
Lee Vining,CA,California,Mono,37.9547,-119.1221,89
Rodriguez Camp,CA,California,Tulare,35.809,-119.1388,87
Palo Verde,CA,California,Imperial,33.4279,-114.7273,85
Comptche,CA,California,Mendocino,39.2651,-123.5896,83
Sereno del Mar,CA,California,Sonoma,38.3836,-123.0732,82
Eagleville,CA,California,Modoc,41.3191,-120.1147,81
Freeport,CA,California,Sacramento,38.4636,-121.5022,81
Sunny Slopes,CA,California,Mono,37.5694,-118.6759,80
Mount Hebron,CA,California,Siskiyou,41.7855,-122.0083,78
Sattley,CA,California,Sierra,39.6265,-120.4357,77
Lookout,CA,California,Modoc,41.21,-121.1545,76
Kirkwood,CA,California,Alpine,38.693,-120.064,76
Mabie,CA,California,Plumas,39.7771,-120.5447,74
Kingvale,CA,California,Nevada,39.3203,-120.4387,73
Rutherford,CA,California,Napa,38.4568,-122.4231,72
Phillipsville,CA,California,Humboldt,40.2117,-123.7844,72
New Pine Creek,CA,California,Modoc,41.9872,-120.3009,71
Aspen Springs,CA,California,Mono,37.55,-118.7087,67
Whitehawk,CA,California,Plumas,39.7206,-120.5536,66
Canyondam,CA,California,Plumas,40.1699,-121.0769,66
Clio,CA,California,Plumas,39.7487,-120.5725,65
Lake Davis,CA,California,Plumas,39.8564,-120.463,65
El Rancho,CA,California,Tulare,36.2207,-119.069,65
Randsburg,CA,California,Kern,35.368,-117.6607,64
Tuttle,CA,California,Merced,37.2965,-120.3789,63
Mohawk Vista,CA,California,Plumas,39.8048,-120.5883,63
Leggett,CA,California,Mendocino,39.8635,-123.7253,62
Moss Landing,CA,California,Monterey,36.8019,-121.7872,61
Montgomery Creek,CA,California,Shasta,40.8415,-121.9215,61
Hornitos,CA,California,Mariposa,37.5034,-120.242,61
Iron Horse,CA,California,Plumas,39.7805,-120.4823,60
Lake City,CA,California,Modoc,41.646,-120.2255,59
Ocotillo,CA,California,Imperial,32.7431,-116.002,58
Darwin,CA,California,Inyo,36.2689,-117.589,56
Indian Falls,CA,California,Plumas,40.0587,-120.9803,54
Butte Meadows,CA,California,Butte,40.0871,-121.537,53
Paynes Creek,CA,California,Tehama,40.3409,-121.9174,53
Washington,CA,California,Nevada,39.3591,-120.7906,53
Buck Meadows,CA,California,Mariposa,37.8127,-120.0653,51
Fellows,CA,California,Kern,35.1779,-119.5472,49
Carrick,CA,California,Siskiyou,41.4467,-122.3635,47
Gazelle,CA,California,Siskiyou,41.5137,-122.5215,46
Volcano,CA,California,Amador,38.4456,-120.6306,44
Panorama Heights,CA,California,Tulare,35.8068,-118.627,42
Keddie,CA,California,Plumas,40.0059,-120.9525,41
McClenney Tract,CA,California,Tulare,35.822,-118.6478,41
Edgewood,CA,California,Siskiyou,41.462,-122.426,40
Coulterville,CA,California,Mariposa,37.7105,-120.1992,38
Trona,CA,California,Inyo,35.815,-117.3449,37
California Hot Springs,CA,California,Tulare,35.8863,-118.6561,36
Old Station,CA,California,Shasta,40.6722,-121.4228,35
Robinson Mill,CA,California,Butte,39.4857,-121.3202,35
Homewood Canyon,CA,California,Inyo,35.89,-117.3863,35
Twain,CA,California,Plumas,40.0355,-121.0404,33
Jenner,CA,California,Sonoma,38.4511,-123.1203,32
Alleghany,CA,California,Sierra,39.4666,-120.841,30
Creston,CA,California,San Luis Obispo,35.5173,-120.5211,30
Hardwick,CA,California,Kings,36.4026,-119.7208,30
Goodyears Bar,CA,California,Sierra,39.5458,-120.8881,29
Pearsonville,CA,California,Inyo,35.8188,-117.8755,29
Sequoia Crest,CA,California,Tulare,36.1858,-118.6256,28
Prattville,CA,California,Plumas,40.206,-121.1575,28
Blairsden,CA,California,Plumas,39.7752,-120.6109,25
Redcrest,CA,California,Humboldt,40.3987,-123.9474,23
Soda Springs,CA,California,Nevada,39.3248,-120.3784,21
Kennedy Meadows,CA,California,Tulare,36.0076,-118.11,20
Salmon Creek,CA,California,Sonoma,38.3463,-123.0595,20
Nubieber,CA,California,Lassen,41.0967,-121.1816,20
Drytown,CA,California,Amador,38.4382,-120.8565,20
Floriston,CA,California,Nevada,39.393,-120.0145,20
Tennant,CA,California,Siskiyou,41.5815,-121.9151,18
Little Valley,CA,California,Lassen,40.893,-121.1781,18
Keeler,CA,California,Inyo,36.4846,-117.872,15
Bucks Lake,CA,California,Plumas,39.8798,-121.1941,15
Shoshone,CA,California,Inyo,35.951,-116.3055,13
Spring Garden,CA,California,Plumas,39.9012,-120.7935,13
Valley Ranch,CA,California,Plumas,39.7403,-120.5649,10
Sugarloaf Village,CA,California,Tulare,35.8269,-118.6354,10
Cuyama,CA,California,Santa Barbara,34.9312,-119.6148,9
Cartago,CA,California,Inyo,36.3123,-118.0261,7
Poso Park,CA,California,Tulare,35.8114,-118.6364,2